ID,WRITER,CONTENT,TYPE,SCORE,CREATED_AT
CONT_000000000500725,상신당(서희정) 도장전문,넘 감사합니다.번창하세요. ^&amp;^,kakao,5,21.03.09.
CNTS_200000000007088,슈퍼강,신뢰와 품질로 승부하는 곳입니다믿고 또 주문 합니다.,kakao,5,21.01.29.
CNTS_200000000007088,롸,새로 개업하는 친구 집에 이쁜 화분 주문했어요 ~ 사진들 보니 화환보다는 계속 둘 수 있는 화분이 좋아서 연락드렸네요 친구 가게랑 잘 어울리는 화분 감사합니다~!,kakao,5,20.01.30.
CNTS_200000000008039,서진리, ,kakao,5,22.02.25.
CNTS_200000000008039,김효진,친절하세요 할머니 ㅎㅎ 과자랑 맥주사서먹었어요,kakao,5,21.03.14.
CNTS_200000000008039,염희,근처에 묵는다면 과자나 음료수 등을 사기 가장 좋을 동네슈퍼. 할머니 친절하시고 보통 10시까지 하신다고.,kakao,4,19.07.25.
CNTS_200000000008039,맛집탐방, ,kakao,4,19.01.08.
CNTS_200000000007109,새콤^^,꽃들이 다 싱싱해서 놀랬어요~ 다른 꽃집들과 비교 할수가 없겠드라구요~ 사장님의 친절함도 꼭 말해주고싶네요~ 후회가 안되는 꽃집을 찾은것같아 기분이 좋네요^^,kakao,5,23.02.02.
CNTS_200000000007109,정은,꽃 믹싱을 너뮤 잘해주시구 정말 친절하세요 !! 오래오래 예쁜 꽃들 팔아주세요 🥰🥰,kakao,5,22.10.01.
CNTS_200000000007109,맛있으면삐약,밑에 후기들이 이해가 갑니다.. 뺙😍,kakao,5,22.08.07.
CNTS_200000000007109,푸르댕댕,너무 친절하시고 꽃의 배열도 되게 이뻐서 기념일 있을 때마다 찾고 싶은 꽃집입니다! 원하는 거 있으시면 예약하시는 것도 좋을 거 같습니다,kakao,5,22.05.09.
CNTS_200000000007109,오대혁,가격도 저렴하고 친절하시고 포장도 깔끔해서 너무 좋았습니다! 다음에 원하는 꽃이 있을 때 미리 예약해서 가야겠어요!,kakao,5,22.04.25.
CNTS_200000000007109,지사람,너무 친철하시고 포장도 너무 예쁘게 해주셨어요~!!다음에 또 찾아 갈게요~,kakao,5,21.10.24.
CNTS_200000000007109,고고고,예쁜 꽃다발과 화분에 자꾸 찾게되는 동네 꽃집^^,kakao,5,21.08.19.
CNTS_200000000007109,mo9,꽃이 예쁘고 엄청 많이 담아주셔요 ㅠㅠ 완전 손이 크세요 ㅋㅋㅋ! 다음에 또 갈게요!,kakao,5,20.11.04.
CNTS_000000000022837,이령, ,kakao,5,22.07.14.
CNTS_000000000022837,천천,신기한 자수와펜체험도 할수있고사장님이 친절해요,kakao,5,22.06.25.
CNTS_000000000020911,브래드입니다,친절하시고 좋와여~~번창하세요~~,kakao,5,22.11.25.
CNTS_000000000020911,메렁,친절하시구 다른 서점에 없던 책도 있어서 좋아요!,kakao,5,22.10.27.
CNTS_000000000020911,매기,헌책방인가 생각했는데 일반서점이에요. 비행기 결항되고 도서관 가려다가 들린 곳인데 5퍼 할인까지 해주니 탐나는전까지 사용되고 좋았어요!,kakao,5,22.03.26.
CNTS_000000000020911,이태경,저렴하게 좋은책 살수있어요,kakao,5,22.03.03.
CNTS_000000000020911,이원분,친절해서 아주 좋습니다.,kakao,5,22.02.27.
CNTS_000000000020911,., ,kakao,5,21.06.21.
CNTS_000000000020911,ㅈㅎ,"친절하시고 서점 가입하면 할인, 적립도 있어요 원하는 책 말하면 구해서 연락도 주셔요",kakao,5,20.11.16.
CNTS_000000000021301,고독한소식가,없어졌나봐요~ 지도보고 갔다가 헛걸음했어요 ㅠㅠ,kakao,1,20.02.16.
CNTS_200000000009174,hz,협소하지만 정감 있어요,kakao,4,22.05.05.
CNTS_200000000009174,김병민,작고예쁜 무인책방~ 종달리의 골목들은 모두가 너무너무 예쁘고 멋진곳들이 많다...,kakao,4,22.03.21.
CNTS_200000000009174, ,무인이라 좋지만 꺼내보기는 조금 불편한,kakao,2,22.03.19.
CNTS_200000000009174,조깅,"무인 책방, 바로 옆에 있는 종달초등학교 학생들이 손수 꾸민듯 귀엽고 순수한 장소",kakao,4,21.12.05.
CNTS_200000000009174,해리, ,kakao,5,21.09.29.
CNTS_200000000009174,가나다, ,kakao,5,21.09.26.
CNTS_200000000009174,소산, ,kakao,5,21.09.20.
CNTS_200000000009174,우라까이,마음이 따뜻해지는 추억이 깃든 공간이에요.오랜만에 그림일기도 써보고 좋은 시간이었습니다.,kakao,5,21.06.08.
CNTS_200000000009174,박소영,마음이 착해지는 종달리의 무인책방,kakao,5,21.06.02.
CNTS_200000000009174, ,우연히 만난 행복을 주는 장소!,kakao,5,21.05.09.
CNTS_200000000009174,뫈다고, ,kakao,5,21.01.14.
CNTS_200000000009174,ㅡ,제가 갔을때는 음악은 안나왔지만..그래도 잠시나마 여기 머물렀던 시간이 좋았어요)(책 종류가 많지는 않고요!거의 그림책들이 주를 이루고 있습니다.,kakao,5,20.10.21.
CNTS_200000000009174,✔️, ,kakao,5,20.10.09.
CNTS_200000000009174,승현, ,kakao,3,20.09.11.
CNTS_200000000009174,시리,혼자가서 정말 힐링하고 왔어요.음악까지 최고ㅠ,kakao,5,20.05.30.
CNTS_200000000009174,영헐락,대표님이 권해 주신 그림책 읽고 힐링하고 갑니다..감사해요~^^,kakao,5,20.01.29.
CNTS_200000000009174,:),작고 좋아요! 이 동네는 그냥 걸어다녀도 구석구석 이쁜가게와 서점들이 많아서 좋아요,kakao,5,19.11.11.
CNTS_200000000009174,하병기, ,kakao,5,19.10.29.
CNTS_200000000008045,쿄쿄,갈때마다 허탕...ㅠㅠ 언제여나요??,kakao,1,23.01.29.
CNTS_200000000008045,도민,아 진짜 이상했어여.....ㄷㄷ,kakao,1,21.04.24.
CNTS_200000000008045,망망이탕,오픈시간 인스타로 공지하는데 그마저도 안지킴,kakao,1,20.12.17.
CNTS_200000000008045,은구,예쁜 엽서들 많아요 근데 카드 안 됨ㅠ,kakao,3,20.01.16.
CNTS_200000000008045,내가진짜쩝쩝박산데다따라하네,호기심에 가봤는데 엽서와 그림들이 예뻤다,kakao,5,19.07.09.
CNTS_200000000008045,노상래, ,kakao,5,19.04.23.
CNTS_200000000008045,🍞,"덕분에 좋은 작가님들 알게된, 정말 인연의 숲이에요 :)",kakao,5,19.04.19.
CNTS_200000000007110,음식에진심인사람, ,kakao,5,21.02.13.
CNTS_200000000007110,ききほぬママ 핸폰,"정말 친절하심~ 꽃을 받는 상대에 따라, 꽃을 추천해 주심.덕분에 꽃 받으시는 분이 너무너무 좋아했음아~~~~주 만족!",kakao,5,19.07.27.
CNTS_200000000008616,비행,"전기자전거 깔끔하고, 직원분들 친절하시고, 가격 괜찮고, 픽업서비스 좋네요.",kakao,5,23.01.19.
CNTS_200000000008616,DJW,"가게 앞에 천진낭만 전화번호를 수정해주시기 바랍니다. 가게 앞 번호로 전화 드렸는데 전 사업자가 받습니다. 그래서 그 아래 번호로 전화했는데, 같은 건물의 ‘우도플레이’가 전화를 받네요",kakao,2,21.05.16.
CNTS_200000000008616,람쥐,픽업도 해주시고 친절하세요! 전기자전거 너무 재밌었어요~~! 담에 또 우도가면 여기서 빌릴거에요,kakao,5,20.08.02.
CNTS_200000000008616,-,너무 친절하시고 항까지 픽업도 나와주셧어요. 가격도 저렴하고 전기자전거 빌렷는데 문제없이 아주 잘 사용했습니다!! 소품샵도 너무 이뻐서 아무것도 안사려했는데 저도 모르게 기념품을 사고 있더라고요..,kakao,5,20.05.01.
CNTS_200000000009177,김미선,"지금은 금, 토, 일 1시부터 4시까지만 영업한다고 하네요. 이용하실 분들 참고하세요.",kakao,5,22.07.03.
CNTS_200000000009177,맛집전문가,영업시간 체크하고 갔는데 예약제라네요... 허탕치고 갑니다..,kakao,1,21.09.08.
CNTS_200000000009177,navi,두번째 방문. 친구와 여행하며 서로에게 책을 선물하고 이렇게 애정어린 공간을 보며 여유를 갖게되어 좋았습니다 쿠 건강히 잘지내!,kakao,5,21.08.19.
CNTS_200000000009177,오노옹,주말만 영업함 11-6,kakao,5,21.03.09.
CNTS_200000000009177,beaucoupderiz,에세이나 독립출판물 좋아하는 사람은 좋아할듯서점에 없는 책만 있는 곳특색은 있음,kakao,2,20.05.12.
CNTS_200000000009177,내가진짜쩝쩝박산데다따라하네,월요일엔 문을 닫아서 구경은 못했지만 외관만 봐도 예뻤음!,kakao,5,19.07.09.
CNTS_000000000019322,중립,주말 점심으로 종종 방비엥샌드위치+아아 먹으러 갑니다.샌드위치 참 맛있어요. 쌀붙어있는 귤과즐(?)인가도 간식으로 맛있습니다.,kakao,5,20.09.09.
CNTS_000000000019322,enjoy_,코로나로 단축 영업을 하면홈페이지에 공지라도 올려 주시지출장간 신랑이 한시간 가까이 걸려서 도착 했는데5시까지라고 연락이 왔네요...,kakao,1,20.05.19.
CNTS_000000000019322,활,천혜향잼,kakao,5,16.10.13.
CNTS_000000000022362,플리,생각보다 엄청 다양한 제주상품있어요! 깨끗하고 정리되서 쇼핑하기좋네요. ㄷㅁ시장에서 돌아다니다가 편하게 쇼핑했어요~ 택배도 바로 보내서 무겁지않게 돌아갔네요 ㅎㅎ,kakao,5,21.07.09.
CNTS_200000000008081,고기라면조코말코,동내 슈퍼 그 이상 그 이하 아니다. 다양한 술을 사고 싶으면 서울에서 사도 충분하다,kakao,1,22.08.05.
CNTS_200000000008081,내맘속별다섯,제주맥주커피골든에일 칠천원에 득템.,kakao,5,22.06.28.
CNTS_200000000008081,후기,종류 진~~~~짜 많은데 가격 만만치 않다,kakao,4,22.05.03.
CNTS_200000000008081,강강약약,와인 질문 하나했는데 얼굴 짜증이 가득 얼마 하지 않을거 몇병씩 쟁이고 먹을랫는데 네가지가 너무 없어서 안 삼 일하기 싫으면 인건비 들여서 직원을 두세요 ㅋㅋ백화점 서비스 바라는것도 아니고 웃으면서 과한 친절 바라지도 않음 여기 워낙 관광객많고 바쁜거 아니까..근데 본인 짜증을 상대에게 옮기는건....그리고 밑에 후기 보니 원래 성격이 그런게 아니라 손님 가려서 서비스 마인드 탈부착하는것같은데 그래서 더더욱 빡침 이런 맥주샵 이태원에 널림,kakao,2,22.04.30.
CNTS_200000000008081,별점조작시 말없이1점,맥덕의 성지. 친절은 바라지않는것이 좋다,kakao,4,22.04.22.
CNTS_200000000008081,레미,불친절하고 맥주 두병 샀는데 둘다 별로였다.,kakao,3,22.03.29.
CNTS_200000000008081,김소정,맥주가 정말 다양해요 ! 사장님도 좋으신데 후기가 왜 안좋게 평가되어있는지 이해되지않네용,kakao,5,21.07.28.
CNTS_200000000008081,나예리,불친절,kakao,1,21.07.17.
CNTS_200000000008081,유승규 / George,친절하진 않으셨지만 이런 맥주 리스트라면 욕쟁이 할머니라도 용서됩니다. 협재의 축복과도 같은 곳입니다. 이 가게 덕분에 미켈러나 투올 손에 들고 애월 밤바다 거닐면서 마실 수 있었어요. 진짜 행복했습니다. 그리고 서울에선 모든 곳에서 필름카메라 품절이라 못 사왔는데 여기서 팔아서 살 수 있었어요.,kakao,5,21.06.04.
CNTS_200000000008081,궝대,면세점 갈 생각말고 여기서 사시오,kakao,5,21.05.13.
CNTS_200000000008081,쩡또이(Night🌙),퉁명스러운 말투에 어머니뻘 나이대에 사장님인지 직원분인지ㅈㅔ가 뭐 잘못했나요? ㅎㅎ 손님 대하는 태도 너무 온도차 무엇? 다른 자주오는 손님한테는 아주 이것저것 추천 잘해주시면서 저희한테는 온도차 무엇인가요? 쳐다도 안보면서 ^^ 술 종류는 많고 좋아요 하지만 재수없어서 안갈래요~^^기분 나쁘면서 굳이 돈쓰고 싶지 않네요,kakao,1,21.04.23.
CNTS_200000000008081,김도영,"술 종류는 다양하고 시중에서 흔히 볼 수 없는 술이 많아서 신기했습니다. 다만 중년 여성 직원분이 계셨는데 앞에 손님한테 엄청 친근히 술 설명을 해주시길래, 사장님~ ㅇㅇㅇ맥주는 어떤가요~? 했더니 쳐다도 안보고 정말 퉁명스럽게 아 그거 그냥 .. 하면서 설명을 하시는데 아주 대충 설명 하시더라고요.. 그런걸 왜 물어보냐는 식의 태도였습니다. 손님 꼽 주는 것도 아니고 기분 나빠서 그냥 나왔습니다. 단골 아니면 대우도 안해주는 가게인 것 같네요.",kakao,1,21.04.21.
CNTS_200000000008081,jjj,진짜 좋아요.. 홀린듯 10만원 질렀어요 필름카메라도 있어요!,kakao,5,21.02.02.
CNTS_200000000008081,정은지,해안가 쓰레기 주우면 맥주 주는 집!! 봉그깅 경험하고 가세요!,kakao,5,21.01.31.
CNTS_200000000008081,부시리,잉?? 여기 뭐지?? 이곳은 맥주을 좋아하는 사람이라면 꼭 가봐야할 바틀샵? 수퍼? 갈때마다 변하 라인없과 뭐 이정도는 다 있는거 아니야?? 라는 표정으로 카운터에 계시는 사장님과 수많은 맥주... 너무 매칭이 안되는 아리송한 가게 입니다 그런데 저는 너어어어무 좋아요,kakao,5,20.12.15.
CNTS_200000000008081,최소미, ,kakao,5,20.12.02.
CNTS_200000000008081,숀승언, ,kakao,5,20.11.09.
CNTS_200000000008081,한입만,"제주도에서 이정도 바틀 리스트 보유하고 있는 것에 만족, 하지만 밑에분에겐 친절한 주인언니였다는데 왜 나에겐 퉁명스러운 주인 아줌마였을까? 들어갈때 인사도 내가 먼저 했는데...다음에 방문한다면 빠르게 맥주만 겟하고 커뮤니케이션은 하고 싶지 않다.",kakao,3,20.10.27.
CNTS_200000000008081,LTE,"여기 꽤 오래된 곳인데. 서울에서도 이런 맥주수퍼가 생기기도 전에, 어떻게 이런 가게가 제주에 생겼을까 싶었습니다. 개인적인 추억이 가득한 곳이기도 하고, 제주 시골에서 이런 컬렉션을 구할 수 있는 (거의)유일한 곳이기도 하죠..이곳이 언제까지나 있기를 바랍니다.",kakao,5,20.05.23.
CNTS_200000000008081,영미최고,친절한 주인 언니^^. 맥주 척척박사 인정!!!    자주가고 깊은 기영상회,kakao,5,20.02.16.
CNTS_200000000008081,T 42,Really great selection of beers and not too horrendously priced!,kakao,5,19.05.31.
CNTS_200000000008081,Luis,Really good beer selection,kakao,5,19.02.14.
CNTS_200000000008081,김성혜,한번쯤 들려서 그 날 먹을 맥주 하나 사기 좋아요,kakao,4,18.09.28.
CNTS_200000000008081,(･ิω･ิ), ,kakao,5,18.09.21.
CNTS_200000000007202,walking, ,kakao,5,23.01.09.
CNTS_200000000007202,dhyana, ,kakao,5,23.01.07.
CNTS_200000000007202,참외,"제주 기념품은 그냥 마지막에 여기서 한번에 사세요. 공항 인근이라 위치도 좋고, 주차장도 있고, 제주도에서 가장 큰 소품샵인것 같아요. 매장 안이 넓은데 2층까지도 있어요. 앵간한 다른 기념품샵에서도 파는거 다 팔구요, 그만큼 물품 종류 어마무시하게 많아요 진짜. 제주 여행하다 들른 작은 기념품 샵에서 이건 어디 공장에서 만든 상품 들인거같은데?싶은 물건들 다 여기 있으니까 구냥 마지막에 여기서 사는게 편한 듯요.. 술도 팔아용.그리고 공항이 가까워서 비행기가 진짜 가까이 보이는데 그것도 별미네요.",kakao,5,22.12.23.
CNTS_200000000007202,-,커서 한번에 다 사기 좋은거같아요,kakao,3,22.10.23.
CNTS_200000000007202,Lawine,자잘한 선물들 구매하기 좋은곳이에요,kakao,4,22.10.14.
CNTS_200000000007202,..,여기만한 제주 기념품가게 없다,kakao,5,22.09.06.
CNTS_200000000007202,민지,"좀 비싸긴하지만, 한번에 해결할 수있어 좋아요. 넓구요ㅎㅎ",kakao,4,22.08.17.
CNTS_200000000007202,현봄이,믈건 종류는 많았는데 가격은 저렴하지 않은 듯해요. 관광지라서 그럴수는 있겠지만 가격만 내리면 좋을 것 같아요..,kakao,3,22.07.20.
CNTS_200000000007202,현진, ,kakao,4,22.07.09.
CNTS_200000000007202,무케무케,비추 / 괜찮 / 좋음 / 추천 / 강추 (좋아요. 가볼만함),kakao,3,22.05.05.
CNTS_200000000007202,Suan,기념품은 많아서 좋은데 너무 비쌈솔찍하 보다보면 도 넘는 가격도 있음,kakao,2,22.04.09.
CNTS_200000000007202,김현정✨,기념품 맛집!!!!,kakao,5,22.03.03.
CNTS_200000000007202,bebe👻, ,kakao,1,22.02.04.
CNTS_200000000007202,ㄱㅁㅇ,여기저기 돌아다닐 필요 없이 여기서 한 방에 고민해결 가능해서 좋음. 그리고 사실 여기서 쇼핑 하고 앞에서 비행기샷 찍으러 오는 게 실제 목적 ㅋㅋㅋㅋ,kakao,5,21.12.17.
CNTS_200000000007202,BJ,"예쁘게 꾸며놨고, 물건 여러가지 많아서 좋았어요.",kakao,4,21.10.06.
CNTS_200000000007202,ㅂㅇㅂ,2층으로 규모가 커요제주도 기념품이 다 거기서 거기라..소규모 감성소품샵들이랑 비교해서 가격이 같거나 아주조금 싼거같아요 물론 관광지 기념품샵에 비해선 엄청 저렴합니다만약 공항근처에서 시간을 죽여야하거나 여행중에 지나쳤는데 눈에 밟히는 기념품이 있었거나 여행중 기념품을 하나도 사지못했다면 추천합니다!,kakao,4,21.09.29.
CNTS_200000000007202,우당탕,2층짜리 큰 규모의 기념품샵. 제주도 기념품은 대충 이런 것들이 있구나 파악하는 목적으로 가기 좋음. 디자인이 막 예쁜건 아니라서 예쁘고 아기자기한걸 찾으려면 다른 곳을 추천. 가격은 제주도 기념품샵이 다 비슷하긴 한데 같은 물건을 여기보다 저렴하게 파는 곳이 종종 있음. 별은 3.5개 정도 주고싶음,kakao,4,21.08.11.
CNTS_200000000007202,oo,계획에 없다 우연히 들렀는데 규모도 크고 2층까지...여행내내 소소한 기념품 가게 여러곳 들렀는데 여기 다 있네요 아기자기 예쁜게 다양하게도 많아요 영업은 아홉시 반까지라고 합니다,kakao,5,21.07.26.
CNTS_200000000007202,ㅇㅎ, ,kakao,5,21.07.25.
CNTS_200000000007202,이민재, ,kakao,5,21.07.23.
CNTS_200000000007202,룹,기념품 사기 딱 좋음주차장도 여유있고 공항과도 가까움면세점 보다 저렴하고 다양한 종류가 있어서 고르는 재미도 있음근데 사다보면 10만원이 훌쩍 넘기지만막상 나중에 생각해보면 더 살껄하는 아쉬움이 남음가격이 좀더 저렴했으면 하는 아쉬움이 있지만 그래도 괜찮았음제품관리가 좀 아쉽긴한데전화해서 제품 하자 문의하니 바로 처리해주셔서완전 만족했음재방문의사 있고 두번째 방문때는 더 털어갈 예정,kakao,5,21.06.11.
CNTS_200000000007202,집요정,핸드메이드 좋아하는 사람을 위한 파리지옥손거울만 사려다가 삼만원어치 지름,kakao,4,21.05.10.
CNTS_200000000007202,.,렌트카 옆에있는 기념품샵과 매우 비슷하다,kakao,1,21.05.02.
CNTS_200000000007202,푸리푸리,별로 특색물건없음 비추,kakao,2,21.04.29.
CNTS_200000000007202,­,접근성도 좋고 종류가 여러가지라 한큐에 조질 때 오면 좋을 듯,kakao,4,21.04.19.
CNTS_200000000007202,김민지,공항근처라 집에 돌아가기전 들리기도 좋고 규모도 엄청 커요 귀여운 물건 많아서 좋아요 &gt;_&lt;,kakao,5,21.04.11.
CNTS_200000000007202,유진,여행중에 시장에서 손무겁게 살필요없이 공항근처라 렌트카반납전에 들러서 구경하기 딱이었습니다! 이쁜게 너무 많아서 의도치않게 선물비용을 더썼네용ㅋㅋㅋ,kakao,5,21.04.11.
CNTS_200000000007202,53훈,"신혼여행 기념품 대량으로 사러 갔었습니다. 거의 다 마신 커피때문에 손이 없어서 버릴곳을 찾다가 화장실쪽으로 가려는데, 주인같은 여자분이 오셔서 상당히 기분나쁘게 쳐다보면서 외부쓰레기 버리면 안된다고 하길레 기분 잡쳐버렸네요^^ 듣고보니 여기저기 외부쓰레기 안된다고 붙여놓은게 보이던데 뭐 그전에 쓰레기때문에 고생좀하셨나보다 했지만 그냥 공항 근처에서 장사좀 되니까 배가 부른 느낌. 좀 좋게 말해주시면 안되나? 어차피 기념품 사는건 여행동선 마지막에 들리는곳이니 다른데 갈 시간도 없어서 어쩔수없이 양손가득 사갔는데 다시는 안갑니다. 아 들고있던 커피잔은 짜증나서 바로 옆 카페가서 다른음료 시키고 버렸습니다. 감성팔이 기념품들 많아요.",kakao,1,21.04.09.
CNTS_200000000007202,찐방기,크기에 비해 실망스러움~,kakao,2,21.03.14.
CNTS_200000000007202,아는사람,"짧은 일정으로 방문한 관광객이 제주 떠나기 전 쇼핑하기 편한 기념품샵. 기념품 종류가 다양하게 많이 보유한 장점은 있지만, 가격이 비싸고 디자인이 일반적이다. 공항 근처에 있어 접근성은 좋지만 가성비는 나쁘다.가본 감성샵 추천순 : 모모상점&gt;소소재간&gt;모이소&gt;베리제주&gt;바이제주",kakao,2,21.03.04.
CNTS_200000000007202,Oof!,다양한 제주 기념품! 창으로 보이는 바다 풍경도 멋있네요. 여기 있는 과자같은거 공항에 없는거 많아요,kakao,5,20.12.29.
CNTS_200000000007202,helen, ,kakao,5,20.11.24.
CNTS_200000000007202,볼라눙,친절하고 종류많음,kakao,5,20.11.10.
CNTS_200000000007202,dsds,시장이 더쌈 2층 여자 불친절인성문제있어보임가보면 바로 표정부터 누구인지 아실거임ㅋㅋ,kakao,1,20.11.02.
CNTS_200000000007202,김태웅,기념품은 여기다,kakao,5,20.10.18.
CNTS_200000000007202,이미래, ,kakao,4,20.10.10.
CNTS_200000000007202,!!!,제주기념품 다모아둔듯 엄청큼! 근데 잡동사니도 많고 너무커서 그런가 딱히눈에 띄는건 없음 직원이 불친절하다고ㅎ 바닷가앞이고 주차장도 넓음,kakao,3,20.09.05.
CNTS_200000000007202,bada,생각보다 살만한건 별로 없어요,kakao,3,20.08.22.
CNTS_200000000007202,🎵🎶,"가격이 좀 비싼데 특별한 제품이 많아요. 개인적으로는 간식류보단 핸드메이드 제품 (향초, 석고방향제, 마그넷, 키링 등)을 사는게 좋을 것 같네요. 2층에 바다뷰를 볼 수 있는 소파가 있어서 잠시 앉아 쉬었다가 쇼핑할 수 있어요. 대중교통 이용해서 방문하긴 좀 애매해요. 주차장 넓으니 자차 또는 렌트카 이용해서 방문하세요!",kakao,4,20.06.11.
CNTS_200000000007202,류다영,시장같은 데가 훨씬 싸요,kakao,1,20.05.22.
CNTS_200000000007202,ㅈㄴ,주인같은여자 불친절 살거없고 살만한건 시장에서도 살수있음,kakao,1,20.04.16.
CNTS_200000000007202,옴팡진어른이,작년에 2층 오픈 안했을때 가서 재방문 했는데요 2층있어서 물품이 많아진건 맞는데 제주 특색 기념품보다 다른 물품들이 많았어요 그래서 딱히 살껀 없었는데 다른데보다 물품많으니까 보는 재미는 있었어요 바로 앞에 바다고 앉을 자리 마련되있어서 잠시 쉬어가는 것도 나쁘지 않을 것 같아요,kakao,3,20.02.04.
CNTS_200000000007202,곰곰, ,kakao,3,20.01.26.
CNTS_200000000007202,🌞,후기가 그리 좋지 않아서 조금 걱정했는데 좋아요 차량 없었으면 조금 불편했겠지만 위치도 주변에 바다? 보이구 카페도 많고 저는 엽서랑 간단한 선물용 간식 사러 갔는데 되게 다양하게 많았어요! 내부도 엄청 아기자기 이쁘게 꾸며놔서 좋았어요 2층 창가 쪽에 의자 있구 조금 포토존 처럼 꾸며놨는데 보기도 사진찍기두 좋음 소품샵은 작게작게 많이 있는데 다 모아놓은 소품샵 같아서 보기도 편하구 나쁘지 않아요~ 근데 살 목적이 딱히 없는 상태로 가면 눈에 안들어올것 같기두 해용 다 어디서나 볼수 있기 때문에.!,kakao,5,20.01.01.
CNTS_200000000007202,.,크고 물건이 많아서 둘러보기 좋아요.창 밖으로 바다가 바로 보이는데 소파도 푹신하니 바다 구경하는 것도 좋았어요.시간날 때 방문하기 좋습니다,kakao,5,19.12.30.
CNTS_200000000007202,농담고홈,불친절.. 특히 2층 여자분... 딱히 살게 없어요 그리고,kakao,1,19.12.17.
CNTS_200000000007202,맛집감별사,굳이 찾아갈 필요는 없을 듯,kakao,2,19.11.17.
CNTS_200000000007202,주여진, ,kakao,3,19.10.22.
CNTS_200000000007202,클로이,제주에있는 기념품점중에 종류 제일많을듯....좋은곳,kakao,5,19.10.13.
CNTS_200000000007202,귀뿡이,1점도 아까운곳. 기념품 17만원 넘게 사서 봉투 좀 더 달라했더니 안된다고. 파는 것도 아닌데. 비닐 봉투 몇 장이 그리 아까웠는지.사고 한참 가면서 사지말 걸 하고 후회했습니다.,kakao,1,19.01.06.
CNTS_200000000007202,심규진,좋은 품질의 핸드메이드 제품,kakao,5,18.09.08.
CNTS_200000000007202,정다은,Good :),kakao,5,18.07.30.
CNTS_200000000007202,마리솔, ,kakao,5,18.06.26.
CNTS_200000000014235,유준영,젊은 남자분 엄청 친절하시고 수제간식도 정말 좋아여 ㅎㅎ,kakao,5,21.01.12.
CNTS_200000000014235,제시카,우리 첫째가 입맛이 엄청 까다로운데 여기 간식은 엄청 잘먹어요ㅎㅎ 운동장도 있어서 애들이랑 잠깐 뛰어놀다 왔어요. 담에 또 간식사고 놀러갈게요!,kakao,5,20.09.14.
CNTS_200000000014235,paul,중대형견이상 풀어놓고. 놀곳이 마땅치 않았는데..이런곳이 생겨서 너무좋았슴..강아지간식두 훌륭하고무엇보다 사장님의 친절함이 너무좋았음,kakao,5,20.08.16.
CNTS_200000000014235,제주우리아빠,강이지 수제간식 믿음가는집♡냥이도 잘먹는 기호성 좋은 수제간식 단골집 꾸욱~♡간식사고 운동장에서 잘 놀다가요^^,kakao,5,20.07.29.
CNTS_200000000014235,ㄱ해니,강아지 수제간식 중에서 탑이네요:)멍치킨 진짜 대박 ㅋㅋㅋ,kakao,5,20.07.29.
CNTS_000000000022414,서희정,"3,4월초까지 천혜향 존맛…",kakao,5,22.04.22.
CNTS_000000000020422,야야,책을 구매하고 나서야 커피를 살 수 있다는 규칙이 있네요.,kakao,3,22.11.20.
CNTS_000000000020422,왕밤빵,책 종류가 다양하고 큐레이션이 좋아요다음에 시간 여유로울 때 다락방에서 책 읽고 싶어요 ㅎㅎㅎ,kakao,5,22.09.27.
CNTS_000000000020422,진화,이 특별함에 둘러쌓인 일상을 사랑해,kakao,5,22.08.23.
CNTS_000000000020422,밍, ,kakao,4,22.08.13.
CNTS_000000000020422,jejujeula, ,kakao,5,22.06.21.
CNTS_000000000020422,깨찰빵,큐레이션이 좋아요,kakao,5,22.06.14.
CNTS_000000000020422,Jason, ,kakao,5,22.06.04.
CNTS_000000000020422,000000,여기 문닫은 줄 알았는데 이후에 다시 지나가면서 보니 자리 이전한것 같았어요,kakao,1,22.05.16.
CNTS_000000000020422,남보미 Bomi, ,kakao,5,22.05.15.
CNTS_000000000020422,lovewave, ,kakao,5,22.05.05.
CNTS_000000000020422,hz, ,kakao,5,22.04.01.
CNTS_000000000020422,동동,"분위기도 너무 좋고, 책구경하기 좋아요",kakao,5,22.03.25.
CNTS_000000000020422, ,다소 책이 많아서 작은 서점 느낌이 덜하지만 좋은 책들이 많고 큐레이션이 잘 되어 있어서 좋았어요! 블라인드 북 구입했는데 너무 좋은 책이 나왔어요. 감사히 잘 읽겠습니다 :),kakao,5,22.03.21.
CNTS_000000000020422,장영주,공간이 좋아요. 책 읽을 수 있도록 조성된 공간도 있고 직원분들이 추천하는 책도 따로 모아두어서 그거 구경하는 재미도 있어요. 짧게 있었지만 혼자간다면 오래 앉아서 이것저것 읽어보고 책 사오고 싶은 곳이에요,kakao,5,22.03.06.
CNTS_000000000020422,서진리, ,kakao,5,22.02.25.
CNTS_000000000020422,행또,공간이 넓고 다양한 책들이 마련되어 있어 좋아요!,kakao,5,22.02.20.
CNTS_000000000020422,갱,큐레이션이 친절해서 좋은 책 하나 고른 것 같아요. 공간이 독립서점치고 넓어서 둘러보기 좋았어요. 하지만 중간에 큰 책상이 있는데 책을 구매한 뒤에만 앉으라고 쓰여있어 조금 이해가 안 됐어요. 책 편하게 보고 살 수도 있는 게 서점의 매력이라고 생각하기에.. 항구에 차 대놓고 책방까지 걸어가는 마을길도 너무 예뻤습니다,kakao,5,22.02.18.
CNTS_000000000020422,💙,깨끗하구 좋아요,kakao,5,22.02.14.
CNTS_000000000020422,ㅎㅎ,"책들이 완전 알차게 구성되어있어요. 공간 구석구석 안예쁜곳이없고 널찍하고 좋아요, 시간만있으면 앉아서 맥주도 마시고그랬을텐데 아쉬워요 ㅠ 근데, 몇년전 작은 책방일때의 빈티지하고 소박한 느낌이 그립기도 하네요~!",kakao,5,22.02.03.
CNTS_000000000020422,메리,따봉 책방,kakao,5,22.01.25.
CNTS_000000000020422,맛있는 곳만 평가, ,kakao,5,21.12.19.
CNTS_000000000020422,댕댕,넓직하고 예쁜 책방입니다. 큐레이터도 깨알같이 잘되어있어서 추천받고 여러권 구매했어요♥️,kakao,5,21.12.19.
CNTS_000000000020422,조깅,책도 읽을 수 있고 밖에서 햇볕을 쬘 수도 있는 곳부담없이 방문할 수 있는 책방,kakao,5,21.12.05.
CNTS_000000000020422,ㅇ.ㅇ,공간이 너무 좋아요,kakao,5,21.11.03.
CNTS_000000000020422,신재목,"우와~~^^ 책방 멋져요~~책을 파는 곳이고~ 커피, 음료 몇개 마실 수 있구요~^^",kakao,5,21.10.26.
CNTS_000000000020422,가나다, ,kakao,5,21.09.26.
CNTS_000000000020422,맛있고비싼건괜찮지만맛없고비싸면혼나야해,이전 전에 갔는데 책도 정말 다양하고 좋았습니다. 한 권 샀네요~,kakao,5,21.09.23.
CNTS_000000000020422,타미리존스,이전의 공간이 아기자기한 책방이었다면확장 이전한 공간은 세련된 서점의 느낌입니다.책을 구매한 사람만 테이블에 앉을 수 있는건 좋은 정책인거 같습니다. 책방을 유지하는 최소한의 펜스 룰이니까요.,kakao,4,21.07.10.
CNTS_000000000020422,뇸뇸, ,kakao,5,21.06.01.
CNTS_000000000020422,spiderman,"종달리 소소한 책방~~여행에 필요한 책에세이, 소설~^^",kakao,4,21.04.08.
CNTS_000000000020422,또 가고 싶은 곳만,너무 행복해지는 곳입니다! 이곳에 가신다면 종달리를 비롯한 동쪽 마을에서의 이야기가 담긴 '수상한 기록'이라는 책을 읽어보시는 걸 추천해요! 제가 엄청 행복해졌거든요. 그리고 문학류 많아요 밑의 리뷰에 공감 못해요!!,kakao,5,21.01.29.
CNTS_000000000020422,쿠쿠,정말 가기 힘든 곳...갈 때마다 휴무-주중엔 나보다 도 일을 적게 함.6시에 퇴근하고서는 갈 수 없는 곳.주말에는 매번 휴무 .....  그러실 거면 영업중이라고 체크는 하지 말아주시지. 그것만 보고 먼길에서 가는 사람도 있어요.,kakao,1,21.01.10.
CNTS_000000000020422,최소미, ,kakao,4,20.12.02.
CNTS_000000000020422,bubble, ,kakao,5,20.11.29.
CNTS_000000000020422,가기싫어,책이 다양하거나 많지는 않음. 특히 문학류는 거의 없음. 내가 갔을 때는 자기위로 서적 위주인 게 아쉽. 제주 감성 관광지나 굿즈 샵으로 접근하는게 맞는 듯.,kakao,2,20.10.29.
CNTS_000000000020422,hsy,여기서 출판한 책들 재밌더라구요,kakao,5,20.10.11.
CNTS_000000000020422,✔️, ,kakao,5,20.10.09.
CNTS_000000000020422,🍪,좋은 큐레이팅과 친절한 직원분 !단점은 공간이 작고 손님이 많아서 여유롭게 책 고르기 힘들다는 것,kakao,4,20.10.05.
CNTS_000000000020422,박성민,동네랑 잘 어울리는 작은 책방. 사장님의 추천 도서가 많아서 좋았지만 방문객에 비해 가게가 너무 좁아서 서둘러 골라야 하는 느낌이였습니다,kakao,4,20.09.22.
CNTS_000000000020422,^0^,"일요일 이른오후 사람이 많지 않아서 편하게 구경할수 있었어요. 독립출판 코너가 재미있어요. 책마다 샘플북이 있고, 서서 책을 읽어도 뭐라하지 않으셔요. 가장 좋았던건 지금 하고있는 일러스트 전시였어요. 맘에드는 그림은 엽서로 판매를 하지않아 아쉬웠는데 계산대에서 점원(혹은 주인)분이 엽서를 한장 주셔서 감사했어요 :)",kakao,4,20.09.13.
CNTS_000000000020422,윤우람,"더 오래 있고 싶었어요. 곳곳에 붙어있는 손글씨, 예쁜 엽서, 성실한 책 추천사까지. 두 권의 책을 덕분에 가방에 품고 갑니다. 감사합니다^_^",kakao,5,20.08.10.
CNTS_000000000020422,존맛탱구리,사람이 많이 없을 때오면 너무 좋은 책방이에요~,kakao,4,20.07.26.
CNTS_000000000020422,후츄,사람이 너무많구 책이 다양하진않지만 좋았어요,kakao,4,20.07.07.
CNTS_000000000020422,선민,조용,kakao,4,20.06.20.
CNTS_000000000020422,lauryn,좋아요!!!,kakao,5,20.06.19.
CNTS_000000000020422,안규은,시간 가는 줄 몰랐습니다.,kakao,5,20.05.30.
CNTS_000000000020422,영등포구먹짱,귀여운 책방 잠시 쉬면서 책읽기 너무 좋아요ㅠ,kakao,5,20.05.30.
CNTS_000000000020422,지숙님,조용하고 아기자기한 작은 책방. 분위기가 귀엽고 책도 많아요.,kakao,5,20.04.28.
CNTS_000000000020422,beaucoupderiz,진짜 책방이 소심해보였다,kakao,3,20.04.25.
CNTS_000000000020422,내돈내산,"새로운책, 여러 소품 아기자기해서 남자분들도 좋아하는 곳",kakao,5,20.03.20.
CNTS_000000000020422,SJ,작은 책방 특유의 섬세한 취향의 책들이 모인 곳,kakao,5,20.03.14.
CNTS_000000000020422,윤상준, ,kakao,5,20.03.07.
CNTS_000000000020422,은구, ,kakao,4,20.01.17.
CNTS_000000000020422,윤슬,시골마을의 작은서점.. 주인지기의 이쁜 메모와 그림.. 아기자기하고 이쁜 서점이었고 좀 더 있고 싶었지만..서있기조차 힘든곳이었네요.. 지나가는 사람들 비켜주기 바빴어요.정말 협소한 공간이었어요,kakao,3,19.12.30.
CNTS_000000000020422,:),그냥 작은서점이 아닌 북셀렉샵입니다.주인분께서 한권 한권 고르시고 왜 본인의 서점에 가져다놓았는지까지 이유를 써놓으세요. 여기는 모든 책들이 소중한것같아요.,kakao,5,19.12.19.
CNTS_000000000020422,라라라라,쉼터처럼 쉬어 갈 수 잇는 서점. 아기자기하고 유니크란 책들로 시간가는 줄 모르고 잇을 수 잇고 작가들이 직접만든 엽서나 마스킹테이프 등의 제주 기념품들도 많다.,kakao,5,19.10.18.
CNTS_000000000020422,nujay, ,kakao,4,19.10.10.
CNTS_000000000020422,제,말이필요없다...최고입니다 진짜,kakao,5,19.07.15.
CNTS_000000000020422,내가진짜쩝쩝박산데다따라하네,흥해라!!!,kakao,5,19.07.09.
CNTS_000000000020422,재주많은 제주,편안한 분위기의 독립서점일반 책들도 좀 있고요문구류도 팔아요라이킷을 못갔는데 여기서 원하는 책을구입할 수 있어서 좋았어요.엽서도 귀엽습니다.,kakao,5,19.04.25.
CNTS_000000000020422,프로평가조류,&lt;당신은 당근을&gt; 책 재밌음,kakao,5,19.04.18.
CNTS_000000000020422,u,갈 때마다 닫혀있는 곳....영업일이 들쑥날쑥해서 가보는게 쉽지않네요,kakao,1,19.03.23.
CNTS_000000000020422,juli,제주 올 때마다 빼놓지 않고 방문하는 책방!친절히 적힌 책 소개 글과 그림들이 정말 귀여워요.,kakao,5,19.03.14.
CNTS_000000000020422,^^,너무 좋았써서 1달 뒤지만 남겨요~좋은책 이쁜 문구류 있고요~아이들 이뻐하는 사장님도 있어요^^,kakao,5,19.02.07.
CNTS_000000000020422,isla,책 선정이 아주 흥미롭게 잘 되어 있었고 찾아오는 손님들을 배려해주는 장치가 여럿 보여서 좋았습니다. 근데 제가 갔을땐 시끄러운 가족동반 손님들이 많아 정말 불편했네요. 조용히 즐기지 못해 아쉬움이 아주 큽니다,kakao,4,19.02.05.
CNTS_000000000020422,항상,책도 좋고 여기 파는 엽서도 이쁩니다 ㅎㅎ,kakao,5,19.01.17.
CNTS_000000000020422,맛집탐방, ,kakao,4,19.01.08.
CNTS_000000000020422,k,분위기 너무 좋다. 혼여객들에게도 추천하고 싶은 곳. 옛날 홍대보는 느낌이다.. 아주 옛날홍대.,kakao,5,18.08.21.
CNTS_000000000020422,Qiwei,독립서점 멋져요. 앉을 자리가 없긴 하지만 책 사다가 바로 옆 카페 가서 바로 읽었네요.,kakao,4,18.08.06.
CNTS_000000000020422,ulysses131, ,kakao,4,18.06.12.
CNTS_000000000020422,랑이언니, ,kakao,4,17.12.29.
CNTS_000000000020422,새별,소심한 책방은 좋은게 종달리 외딴 곳에 위치 하고 있어서 찾아가는 재미부터 쏠쏠. 근처에 높은 건물도 없고 멀리 오름만 보임. 바다는 꽤 나가야 보이는 정도. 갈대길 따라 걷다 노을도 보고 넓은 하늘도 보고. 여행에 앞서 책 한권사고 기념품도 사고 문구도 사면 딱 좋겠다.,kakao,5,17.12.03.
CNTS_000000000020318,머슬비치,설명 잘해주셔서 잘 구매할 수 있었습니다.,kakao,5,21.11.07.
CNTS_000000000020318,바람이분다,정말~ 바다에 대한 설명 경청하고 들었어요!다시 왔더니 일요일은 휴무네요~ 아쉬워요 ㅠㅠ,kakao,5,18.03.25.
CNTS_000000000020679,시민, ,kakao,4,22.03.28.
CNTS_000000000020679,사월,누가나 하나씩 사서 돌아다닌다는 그 꽃,kakao,4,18.08.29.
CNTS_200000000007247,수빈annieꔷ̑◡ꔷ̑,볼것도 많고 살것도 많고 아기자기 뭐가 많아요!! 구경할것도 많아요!,kakao,5,22.11.19.
CNTS_200000000007247,JENNY~~,제주여행때마다 한번씩 들러요공항근처여서 들르기 편해요이번에는 오후비행기라서 돌아오는날 오전에 들르니 너무 좋더라구요제주여행의 아쉬움을 모이소에서 그나마 위안받았어요ㅠㅠ예쁜소품이 많고 선물세트가 공항보다 저렴했요~,kakao,5,22.10.13.
CNTS_200000000007247,배상호,항상 여행과끝을 함께하는 모이소 아기자기한소품이 많아서 좋아요,kakao,5,22.10.08.
CNTS_200000000007247,오보현,볼거리 살거리가 많고 제주공항에서 가까워서마지막날 대망의 쇼핑 일정으로 추가하기 딱!!,kakao,5,22.09.23.
CNTS_200000000007247,무케무케,좋아요. 가볼만함(항상 업데이트),kakao,3,22.09.11.
CNTS_200000000007247,귀염둥이,주차안내부터 친절해요공항에서도 가까워서 들렀다가기 좋아요상품들이 다양하고 예뻐요!공간하나하나 신경쓴게 보이네요여기서 선물 많이 샀어요 또 올께요^^,kakao,5,22.09.04.
CNTS_200000000007247,jmjsa,비싸네요,kakao,2,22.07.11.
CNTS_200000000007247,혜영♥시우맘,제주가면 제주소품은 꼭~~ 쇼핑 해야죠~~~저도 저지만 아이도 너무 좋아 하는 곳이랍니다. 모이소가면 이것도 사고 저것도 살거라며 기대감에 부푸는데요~ 이번에도 아들이 좋아 하는 소품들로 한가득 샀어요 ㅋㅋ 돌모양이 들어간 팔찌도 사고 선풍기도 샀어요~~~ 공항하고 가까워서 전 제주도 도착하자마자 가는 편이지만 제주도를 떠나기전 들르기에도 좋은 곳이랍니다.,kakao,5,22.06.09.
CNTS_200000000007247,윤진희(민기연지맘),"제주갈때마다 꼭꼭 들리는 곳이 바로 모이소에요 예쁜선물, 실용성가득 선물들이 많이 있고요선물 받는 분들이 정말 기분 좋아하는 곳이랍니다감성가득 선물도 많고 체험하고 즐길수 있는 곳이라서요 제주가게되면 꼭 들리고 힐링하고 오는 곳이랍니다 이번에도 예쁜선물 가득 구입하고 너무 좋았습니다",kakao,5,22.05.27.
CNTS_200000000007247,슈나,흔한 그런 기념품이 아니에요. 귀엽고 독특한 디자인도 많고 아기자기한 소품들이 가득해요. 사고 싶은게 너무 많아서 고르느라 힘들었네요ㅜㅜ 받는 사람들도 너무 좋아했답니다 다음에 여행가면 또 방문할게요 많이 파세요,kakao,5,22.04.28.
CNTS_200000000007247,노성경,저는 숙소(매종글래드제주)하고 가까워서걸어서 방문했어요.다음날 아침일찍 공항행이라 렌트카는 미리반납.도보 이동이 가능해서 좋았어요일단 핸드메이드 제품이 다양해서 좋아요대형 매장은 상품은 많아도 똑같은 제품이 많은데모이소는 종류가 다양하더라고요 :-),kakao,5,22.04.14.
CNTS_200000000007247,Pasta,친절하시고 기념품 종류도 다양했습니다,kakao,5,22.03.28.
CNTS_200000000007247,공주의아빠,제주공항 근처에 위치해 있어서 제주 도착하거나 출발할 때 들리기 쉬운 위치였습니다. 제주감성 물씬 풍기는 소품들과 선물들이 종류도 많아서 제주도 갈 때마다 제주도 기념품은 이곳에서 사게 되네요. 특히 제주 핸드메이드 제품들이라서 품질도 좋고 더 믿음이 가더라고요. 가격도 저렴해서 매번 특템하는 기분입니다 ㅋ,kakao,5,22.03.25.
CNTS_200000000007247,Liam(절대미남자),제주 기념품 숍 광추구경거리 겁나 많고 예쁜거 천지볼게 많아서 좋은데 자꾸 골라담게 됨 ㅋㅋ구매 금액에따라 선물도 주기 때문에 암산하면서 고르기 해야함,kakao,5,22.03.17.
CNTS_200000000007247,백은영,진짜 맘에드는 제주 기념품샵이에여. 예쁜 소품 넘 많아요. 담에 또 올게여,kakao,5,22.02.04.
CNTS_200000000007247,솔직하게 말하자면,아기자기한 소품많고 직원들도 친절했어요 여행 마지막날 들리기 좋을듯해요.,kakao,5,22.01.22.
CNTS_200000000007247,sto,이런거 잘 안올리는데 너무 화가나서 올립니다.알바생인지 직원인지 모르겠지만 너무 불친절하네요..,kakao,1,22.01.16.
CNTS_200000000007247,성미 🐥,아기자기 이쁘고 생각보다 커요 ㅎㅎ,kakao,3,22.01.10.
CNTS_200000000007247,송성진,오후 6시경에 갔는데 1층 여자 알바 개 불친절함 손님와도 그냥 앉아 있고 핸드폰만 보고 있음기분나빠서 그냥나감,kakao,1,22.01.04.
CNTS_200000000007247,리븃, ,kakao,1,21.11.13.
CNTS_200000000007247,.,"제주도에서 떠나는 날에 들렀습니다. 아기자기한 소품이  많아서 기분 좋게 구매하려고 하는데 2층에 계신 사장님이 저희에게 되게 퉁명스럽게 대하셨고, 묻는 말에도 짜증난다는 듯이 대답하셔서 좀 불쾌했습니다.거기까진 뭐 그러려니 하려고 했는데 1층에서 저희가 한라봉+청귤+천혜향 청 세트를 구매하여 배송시켰는데 받고 보니 한라봉+레드향+천혜향 청 세트가 왔네요..청귤청 때문에 그 상품으로 고른건데 내용물이 달라져서 온걸 보니까 너무 화가 나서 후기를 남기게 됐네요. 안에 내용물이 바뀌어야 하는 상황이 있었다면 미리 고지라도 해주셨어야 하는거 아닌가 싶네요.",kakao,1,21.10.17.
CNTS_200000000007247,민정,제주도 떠나기전에 꼭!가세요! 너무 아기자기하고 예쁜것들이 많아요! 소품샵 기념품샵 같은 곳에서 아무것도 안샀는데 여기선 정말 많이 샀어요,kakao,5,21.10.08.
CNTS_200000000007247,이예찬, ,kakao,5,21.10.04.
CNTS_200000000007247,뿅뾰로뿅뿈,제주도 기념품샵 중에 제일 볼만한 곳 같아요,kakao,5,21.09.23.
CNTS_200000000007247,호빵,귀여운 소품들이 많아요!! 셀프 포장대가 있어서 넘 좋았어요마스킹 테이프랑 도장으로 데코도 가넝해요,kakao,5,21.09.02.
CNTS_200000000007247,권호근,1층 음식관련 기념품은 종류가 적어 아쉽고2층은 괜찮았음,kakao,3,21.08.16.
CNTS_200000000007247,냠, ,kakao,2,21.06.29.
CNTS_200000000007247,건,아기자기한 소품도 많아서 여자들이 좋아할거 같아요,kakao,5,21.06.23.
CNTS_200000000007247,보름달,잘 모여있음..,kakao,4,21.06.05.
CNTS_200000000007247,윰,생각보다 종류는 다양하진 않지만 시내에 있어서 좋습니다,kakao,4,21.06.03.
CNTS_200000000007247,띠네,기념품 사러 가시기 좋아요 시내에 있어서 더 좋았어요^^,kakao,4,21.05.09.
CNTS_200000000007247,손제주,"펫용품, 제주집꾸미기 제품도 있고 1층에 쇼핑 포장지 셀프서비스도 있어 너무 좋았어요 ^^",kakao,5,21.05.01.
CNTS_200000000007247,푸리푸리,별로,kakao,2,21.04.29.
CNTS_200000000007247,csl,쇼핑백 꾸미기도 재미있었어요!소품들도 다 귀여워요^~^♡♡,kakao,5,21.04.26.
CNTS_200000000007247,김단희, ,kakao,3,21.03.19.
CNTS_200000000007247,제나,가격대가 있고 거울 말곤 다양성도 부족했어요,kakao,4,21.03.17.
CNTS_200000000007247,아는사람,디자인 예쁜 기념품이 잇긴 하지만 가격이 비싸요. 한번쯤 구경 가기는 좋으나 지갑이 열리진 않네요.가본 감성샵 추천순 : 모모상점&gt;소소재간&gt;모이소&gt;베리제주&gt;바이제주,kakao,3,21.03.04.
CNTS_200000000007247,난귀여워,"기념품에 집착하는 편이 아니라면 이 곳 하나만 들려도 좋습니다. 자잘한 스티커부터 핸드폰 케이스, 디퓨저, 드림캐쳐, 모자, 에코백, 소주잔 등등등 엄청 많아요. 가격은 비싸지만 기념품샵이 어디든 그렇죠 저는 비즈 반지 삼(4000원)",kakao,4,20.12.15.
CNTS_200000000007247,소나,아기자기한 기념품들을 보기좋게 잘 모아놓은 곳이에요. 그렇지만 특별할 것은 또 없는 장소라 지나가다 들르기 좋은 곳입니다.,kakao,3,20.12.03.
CNTS_200000000007247,맛박사, ,kakao,3,20.11.28.
CNTS_200000000007247,shue,늦은시간에가서 주차는 다행히 괜찮았고 사고싶은기념품이 많았어요 그런데 가격도 어차피 다른데랑 같고 겹치는 아이템도 많아서 다른기념품샵을 간다면 굳이 일부러 멀리서 찾아갈필요는 없을것같아요,kakao,4,20.11.12.
CNTS_200000000007247,리뷰는남기라고있는거,주변 건물 주차장에 막 주차하라고 해서 주변 주민들이 엄청 불편함 여기손님들 차세워서 정작 건물사는사람은 주차 못함 주차요원이 다른 건물 주차장에 주차하라고 얘기함,kakao,1,20.11.02.
CNTS_200000000007247,ㄹㄴ, ,kakao,5,20.08.24.
CNTS_200000000007247,지르르루,귀여운 가방 득템,kakao,5,20.08.20.
CNTS_200000000007247,♡,이뻐요,kakao,5,20.08.05.
CNTS_200000000007247,.,종류많고 이쁨,kakao,5,20.07.29.
CNTS_200000000007247,야옹이4마리,특별한건 없지만 아기자기하고 저렴해서ㅜ좋아요,kakao,3,20.07.07.
CNTS_200000000007247,쿄쿄,귀여운 제품 많아요. 다른 소품점들이 터무니 없는 가격인 반면 모이소는 나름 괜찮은 가격이에요.(엄청 싼건 아님) 근데 동문시장가면 모이소에 있는 소품이랑 먹거리 다 있어요.(동문시장에서 사세요),kakao,4,20.06.03.
CNTS_200000000007247,NewArt 소인섭,1년만에 다시 갔는데 볼거리가 더 많아짐제주스럽고 아기자기한 상품들이 많아 갈때마다 새로움골목인데도 주차안내원까지 있어 관리가 잘되는거 같음,kakao,5,20.04.09.
CNTS_200000000007247,송현철,도장으로 무료엽서 만들고 인생샷 북마크도 만들어줘서 시간 가는줄 모르고 구경했어요,kakao,5,20.04.07.
CNTS_200000000007247,.,주차문제가 많은지 주변 건물들에 전부 모이소 주차하지 말라고 써있더라고요..주차 도와주는 분이 계셨는데 그냥 막 자리 빈 곳에 하라고 안내해주셔서 좀 민망했어요,kakao,3,19.12.30.
CNTS_200000000007247,하늘,그냥저냥... 굳이 시간내서 가기엔 ?????? 스러운 정도,kakao,3,19.12.28.
CNTS_200000000007247,무지개쌤,보통 악세사리 가게. 중국인들이 한번 가 볼만한 곳.,kakao,3,19.10.17.
CNTS_200000000007247,지선,"주변 이웃들에게 주차문제로 피해주고, 주차요원 있는데 불법주차 권유함. 주변 빌라 주차장 입구 막아서 주차하라고 하고 주변에 주차할 곳도 없음. 주차요원이든 직원이든 사장이든 컴플레인에 사과하거나 해결하려 들지 않음",kakao,1,19.08.15.
CNTS_200000000007247,😀👍,1층에 파는 것들은 시장이 더싸요.소품샵은 한번 가볼만 합니다,kakao,3,19.08.05.
CNTS_200000000007247,?,기분좋게 기념품 사러갔는데 ㅋㅋㅋ 도장고르니까 한다는말이 “도대체 그런건 왜사세요? 애도아니고 ㅋㅋ 이해가안가네” 이렇게 이야길하는 사장님 클라스 ㅎㅎ 진짜 오졌습니다^^!!!!!!!!! 그럴거면 장사를 하지마세요~~~~~~ 왜 팔아요~~~ ㅋㅋㅋ 손님한테 예의가 아닌듯요? ㅋㅋㅋㅋㅋ,kakao,1,19.07.13.
CNTS_200000000007247,여행,"입구부터 기분 좋게 잘 꾸며져있고 엽서, 악세사리 등 직접 만든 물건들도 예뻐서 한 번쯤 구경가기 좋아요!",kakao,5,19.07.05.
CNTS_200000000007247,프리링,물건도 없고... 이마트에도 팔법한 제주간식 정도 밖에 없네요..,kakao,1,19.02.25.
CNTS_200000000007247,산책,좁고 물건도 많지 않았음거기서만 볼수 있는 수제 아기자기한거 기대하고 갔는데사고 싶은건 없었네요그냥 나오긴 뭐해서 딸아이 은반지 하나 사주고 나왔어요좁은 골목에 사람이랑 차 많은 위치도 그닥 관광하며 들어가기 좋진 않은듯해요,kakao,2,19.02.21.
CNTS_200000000007247,sun,잘 꾸며져있고 예쁘고 아기자기한 아이템이 많아서 다 둘러보는데 시간이 걸렸네요（´∀`）ｂ 초콜렛이랑 감귤타르트랑 주류도 판매중이라 한번에 사서 해결하기 편했어요!,kakao,5,19.01.17.
CNTS_200000000007247,박또리,남자들 선물용으로는 할 게 없더라구요ㅜ 속상..,kakao,4,18.08.13.
CNTS_200000000007247,건강합시다,"예쁜소품,기념품이 많아요ㅎㅎ 사장님도 친절하시구요.다음 제주여행때 다시 방문하고싶어요 ㅎㅎ",kakao,5,18.07.10.
CNTS_200000000007247,bab,예쁜 소품 많아요,kakao,5,18.03.09.
CNTS_000000000022039,진가사리,사장님도 친절하시고 예쁜 물건 많아서 좋아용 ㅎㅎ,kakao,5,22.12.28.
CNTS_000000000022039,침착한 주접러,"사장님 아주 친절하십니다.일러스트 만년 다이어리랑 실버 조개 귀걸이 샀는데, 가격대가 하나도 안 부담스러운 굿즈샵은 처음입니다.내부에 기념품샵과 카페가 함께 있습니다.",kakao,5,22.12.13.
CNTS_000000000022039,맛있소,엄청 친절하소,kakao,5,22.07.06.
CNTS_000000000022039,HSrr, ,kakao,5,22.06.08.
CNTS_000000000022039,멈뭄미,제주도 올때마다 기념품사러 들리는곳이에요~카페도 같이 있어서 커피마시면서 구경하기 좋아요! 사장님도 너무 친절하세요:),kakao,5,22.05.03.
CNTS_000000000022039,고먐미,2번째 방문인데 안티크하고 좋음. 상품 종류는 많지 않으나 알찹니다,kakao,5,22.05.03.
CNTS_000000000022039,이야이야요,선물 사러가기 넘 조아요,kakao,5,22.04.23.
CNTS_000000000022039,Yi anna,후기가 좋은 이유가 있었어요 진짜 흔하지 않으면서 가격대도 부담스럽지 않고 선물하기 좋은 아이템들이 넘 많아요 정신차리지 않으면 처음부터 끝까지 다주세요 하겠어요. 너무너무 위험한 곳.,kakao,5,22.04.13.
CNTS_000000000022039,뭉비,제주도 올 때마다 오는데 사장님께서 너무 친절하셔서 좋아요 :) 다음에도 또 갈건데 계속 영업 하시길 ㅠㅠ,kakao,5,22.04.06.
CNTS_000000000022039,sp,제시카님의 제주사진컬렉션 color of jeju 좋아요~!,kakao,5,22.02.06.
CNTS_000000000022039,강남규,통장 다 털렸어요.,kakao,5,21.11.30.
CNTS_000000000022039,송희웅, ,kakao,4,21.10.31.
CNTS_000000000022039,XD,구경 했는데.. 뭐가 특별한지 잘 모르겠어요. 다르다고해서 일부러 갔는데ㅡㅡ 기념품샵 다른데서 다 파는 거 같애요..,kakao,1,21.08.19.
CNTS_000000000022039,-,패키지가 너무 예뻐요!!!!! 다른 소품샵과는 다른 느낌!,kakao,5,21.05.03.
CNTS_000000000022039,.,안 갔으면 후회할뻔 앞으로 제주도 들릴때마다 올 듯위치도 좋고 상품도 갬성터짐 더아일랜더x작가님 자체 상품 많음고양이 뱃지 너무 귀엽다 더 사고 싶다500원 포장 패키지 예쁘고 분위기도 편안해서 좋았다 가본 제주도 종합 소품샵중 최고,kakao,5,21.05.02.
CNTS_000000000022039,ㅇㅈ,제주여행 마지막에 렌트카 반납 전 항상 들르는 곳. 지인들 선물 사기도 너무 좋고 나를 위한 기념품 사기도 좋음. 가격도 합리적이고 다른 곳에서 안 파는 소품들도 많아요. 무엇보다 포장 패키지가 너무 좋아서 선물할 때 굿.,kakao,5,21.03.17.
CNTS_000000000022039,lala,"정말 위험해요,,아래 리뷰 보고 설마 했는데 쓸어 담다보니 텅장이 되었어요선물 용도로 사는 분은 포장 패키지가 정말 예쁘니 꼭 가세요서귀포 여러 소품샵에서 마음에 드는 거 하나도 없어서 여기까지 왔는데 요기가 답이네요이쁘고 실용적인 거 많아욥 가격도 바가지ㄴㄴ입니다",kakao,5,21.01.29.
CNTS_000000000022039,이경호,"가본 소품샵 중 최고, 이리저리 다녀봤지만 여기만한곳이 없네요.",kakao,5,21.01.20.
CNTS_000000000022039,y,정말 위험합니다 통장 다 털릴 뻔 했습니다,kakao,5,20.10.25.
CNTS_000000000022039,옴팡진어른이,음.. 깔끔하구 카페랑 같이되있어서 괜춘괜춘 구매하면 커피 할인권 줌 쫌 가격대 나가는 것도 많긴한데 한라봉 치약이랑 핸드크림 같이든거 구성이 괜찮음 선물주기 좋게 포장되어 있음 호호청과에서 나오는 화장품 있는데 수분크림 1+1하길래 검색해봤는데 인터넷에도 안뜨는 신상이길래 테스트 해보고 바로 지름!! ++혹시라도 해리포터 좋아한다면 깃털펜♡♡ 이쁜거 많아요 저는 다른데서 받은거 있어서 패스 했지만 없었다면 구매했을거에요,kakao,4,20.10.04.
CNTS_000000000022039,동이와상,특이하고 아기자기한 소품 많아서 좋았어요!!!! : ),kakao,5,20.09.28.
CNTS_000000000022039,L,흔한 기념품은 아니지만좀 실용적이고 아기자기한 제주 기념품 구매하고 싶다면 방문하기 좋아요,kakao,5,20.08.21.
CNTS_000000000022039,루양,제주스러운 예쁘고 독특한 기념품도 많지만 독특한 소품이 많아서 종종 들리는 기념품 샵이에요. 카페도 같이 하던데 커피맛도 괜찮고 여름 시즌 메뉴 수박쥬스도 넘 맛나게 먹어서 사진 올려봅니다.,kakao,5,20.08.18.
CNTS_000000000022039,hooka, ,kakao,5,20.08.17.
CNTS_000000000022039,뚠뚠냥,좀 가격은 있지만 아기자기하고 예쁜거 많아서 구경하는 재미가 쏠쏠했어용!!ㅎㅎㅎㅎ기념품 잘 사왔네용 다음에 또 들릴게요~^^,kakao,5,20.08.12.
CNTS_000000000022039,❌,다른곳과 겹치지않는 예쁜 기념품이 많고 분위기가 너무 좋아요,kakao,5,20.03.05.
CNTS_000000000022039,ㄹㅈㅇ,근처 소품샵 다 들리고 여기 마지막으로 가보자 했는데 가격이 좀 있어도 이런곳에서 사고싶어요. 좀 색다른 제품을 보고싶다 하면 여기가 좋은거 같아요. 다른 소품샵에 없는거 찾는 분들 여깁니다.,kakao,4,19.10.09.
CNTS_000000000022039,­,밑 후기 동감ㅋㅋㅋ 막 사고 싶은 건 없는데 다 귀여움,kakao,3,19.09.09.
CNTS_000000000022039,내가진짜쩝쩝박산데다따라하네,귀여운거 많다. 막 엄청 사고싶어지는 건 없지만 구경하는거 재밌다.,kakao,3,19.07.09.
CNTS_000000000022039,jmmm,내비로 찍고 가니 위치가 약간 달라요. (카카오 위치가 맞네요)지나가다 동문시장과 엮어서 한번쯤 들러볼만합니다.,kakao,4,19.06.09.
CNTS_000000000022039,상규_任象奎,더 아일랜더 운영자 입니다. 아래 덧글이 틀린 정보여서 글 납깁니다. 더아일랜더는 카카오 지도상의 표기된 주소에서 틀림없이 영업중 입니다.  아마도 아랫 글 남기신 분께서 다른 곳에 가셔서 더 아일랜더라고 착각하신 모양이네요.,kakao,5,19.04.02.
CNTS_000000000022039,A,기념품샵 중에서는 확실히 차별화된 물품을 많이 팔고있고 그만큼 세련된 디자인도 많습니다. 뭔가 유니크한걸 사고싶다면 여기 한번 방문해보시는걸 추천,kakao,5,19.03.04.
CNTS_000000000022039,프라우다,편집샵중에선 섬에서 최고,kakao,5,19.02.25.
CNTS_000000000022039,ㅇㅅㅇ, ,kakao,4,19.01.25.
CNTS_000000000022039,재주많은 제주,여기서 유일하게 기념품 샀는데 만족스러워요직원분들도 친절하시고 좋습니다갖고싶은게 많았는데 참느라 혼났어요정신놓으면 지갑 그냥 털림,kakao,5,17.12.20.
CNTS_000000000022039,전무익 Ed,특별한 제주기념품 &amp; 아트상품,kakao,4,16.08.27.
CNTS_000000000022749,우야오,괜찮은 물품도 많고 만족합니다.,kakao,5,22.01.18.
CNTS_000000000022749,엥12345,사장인지 직원인지 남직원 불친절끝판왕,kakao,1,20.09.13.
CNTS_200000000011593,loolloo,"친절과 맛, 감성 모두 최고",kakao,5,22.11.27.
CNTS_200000000011593,참외,초콜릿 음료들 맛있습니다. 선물용으로 초콜릿 사기도 좋은 것 같아요!,kakao,5,22.11.13.
CNTS_200000000011593,삼각산,"다크초콜릿은 따뜻한 우유에 초콜릿을 녹여 먹는 방식. 진짜 초콜렛 맛이 진하게 나고 맛있는데, 내 비위가 안 좋은지 한 잔 다 먹으니까 느끼하다",kakao,4,22.11.12.
CNTS_200000000011593,Choi,초콜릿 정말 맛있어요 🥺❤️,kakao,5,22.10.01.
CNTS_200000000011593,고메페러,아주 친절하심. 초콜렛 맛도 굿,kakao,4,22.09.12.
CNTS_200000000011593,g.,우연히 찾아간 곳인데 사장님께서 시식으로 주신 초콜렛 맛보고 바로 구매했어요! 제주도의 자연을 초콜렛에 담으신것도 정말 멋지지만 맛도 너무 좋아요! 특히 원두와 초콜렛의 만남은 정말 상상도 못했던터라 더욱 신선하게 다가왔어요! 이제라도 이 가게를 알게되서 너무 좋아요! 육지에서도 시켜먹겠습니다☺️,kakao,5,22.04.12.
CNTS_200000000011593,박창호, ,kakao,5,22.02.28.
CNTS_200000000011593,ewan,맛있고 따뜻해요,kakao,5,22.02.23.
CNTS_200000000011593,키키, ,kakao,4,22.01.25.
CNTS_200000000011593,메롱,"맛있어요 카페송이,아망송이,브라우니. 쪼끄매한데 고품질. 모든 재료 (원두,아몬드,버터)가 신선한 맛",kakao,5,21.09.15.
CNTS_200000000011593,Zoe,바크 맛있음,kakao,4,21.08.24.
CNTS_200000000011593,wowchef,"아이와 체험하러갔는데 친절하시고, 아이와 좋은 시간 만들고 갑니다.",kakao,5,21.05.12.
CNTS_200000000011593,쩝쩝박사,친절하시고 초콜릿진짜 맛있어요,kakao,5,21.05.02.
CNTS_200000000011593,서울방문객,너무 친절하세요맛도 있어요,kakao,5,21.03.27.
CNTS_200000000011593,로지,"사장님도 정말 친절하시고 다정함이 느껴졌어요 ㅎㅎ 모든 초콜릿 시식할 수 있게 안내 설명도 해주셨습니다.브라우니랑 커피콩 초콜릿 사왔는데, 브라우니는 너무 맛있었지만커피콩 초콜릿은, 커피콩이 너무 딱딱해서 먹을수가 없었어요 ㅠㅠㅠㅠ커피콩이나 제 이 둘중에 하나 깨져야 끝날거같은 느낌이라 초콜렛만 녹여먹고 콩은 뱉어서 버려버렸습니다 ㅠㅠㅠㅠㅠㅠ 좋아하는 초콜렛이고 맛도 있는데 너무 아쉬웠어요 ㅠ",kakao,4,20.11.27.
CNTS_200000000011593,이한얼,시식한 초콜릿 다 맛있어요,kakao,5,20.11.27.
CNTS_200000000011593,쿄쿄,시식한 초콜릿 다 맛있고 친절하세요,kakao,4,20.11.27.
CNTS_200000000011593,도요다부장,친절하고 사려깊으신 쇼콜라티에님이 정성가득 만드신 딴 데 가서 못먹는 초콜렛들을 먹어볼 수 있어요. 작업하기도 좋아서 꼭 방문해보시길!!,kakao,5,20.09.04.
CNTS_200000000011593,ㄹㄹ,아무생각 없이 갔는데 초콜렛에 정말 진심이신 사장님~ 브라우니 너무 진하고 맛있구 시식한 초콜렛 다 맛있었어요 목말라서 아이스초코랑 드립커피 마셨는데 아이스초코 진짜 안달고 초코 그 자체에요 얼음좀 녹여서 먹으면 시원하고 너 잘 넘어가요 또 가고 싶어요,kakao,5,20.08.31.
CNTS_200000000011593,동물보호,원재료 듬뿍 넣은 쇼콜라. 친절한 주인. 여유로운 분위기. thumbs up!,kakao,5,20.08.15.
CNTS_200000000011593,my own lyric,초콜릿을 통으로 갈아넣은듯한 아이스초코 굿!!!,kakao,5,20.08.15.
CNTS_200000000011593,핸코,초코렛맛이 진하네요~체험도 있고 우연히 들렀는데 좋습니다~,kakao,5,20.07.26.
CNTS_200000000011593,스마일리,아이와 함께 사진을 찍으며 기다리는 동안~ 바로 옆이여서 아주~~ 편안하게 웨이팅하고 초콜릿으로 당도 보충하고 좋았습니다 완전 친절 짱~ 미카님,kakao,5,20.06.22.
CNTS_200000000011593,열두시에만나요부라보콘,구매할땐 양이 적어보였으나 웬걸 한달째 먹고있어요. 와인마실때 집어먹으면 너허무 맛나요.,kakao,5,20.06.13.
CNTS_200000000011593,수영,따뜻 달콤한 공간♡ 아이들의 초콜릿체험으로 딱인 곳.,kakao,5,19.12.31.
CNTS_200000000011593,이정은,향기가 너무 좋았어요! 너무 맛있어요!!,kakao,5,19.12.24.
CNTS_200000000011593,이지민,제 생애 최고의 초콜릿 브라우니!!!! 찐덕찐덕 어금니에 감기는 촉감이 예술입니다 꼭 들려보세용!!!!,kakao,5,19.12.24.
CNTS_200000000011593,ㄷㅇ,"※체험 신청은 전화로 말씀드리고 갔어요!※시리얼 초콜릿이랑 초코/말차(+쌀튀) 막대과자를 만들 수 있어요!진짜 상세하게 적을게요. 2019.12.24 크리스마스 이브에 카카오맵으로 제주도 체험 찾다가 가게 되었어요ㅎ •구매할 수 있는 초콜릿은 (생초콜릿, 초콜릿코딩된 아몬드, 코팅된 커피콩, 코팅된 시리얼) 4가지이지만 만들 수 있는 초코는 시리얼 하나이므로 구매랑 체험 다 하실거면 유의해주세여ㅎㅎ•초콜릿 중탕하고 시리얼 준비하면서 기다려야하니 그동안 귤 많이 먹으라 해서 엄청 많이 먹었어요ㅋㅋㅋㅋ •중탕된 초콜릿에 시리얼을 부어서 섞고 솔방울 모양으로 만들어야 하지만 그냥 한입 크기로 만들었어요~ 그리고 그 위에 슈가파우더를 뿌려줬어요! 저는 한입으로 만들어서 총 34개가 되었어요ㅋㅋㅋ•막대과자도 만들었는데 (롯데거라 빼빼로라는 말 안씀ㅡㅡ) 중탕된 거대한 초코에 막대과자를 묻히고 쌀튀랑 말차+화이트 초코를 추가적으로 입힐 수 있어요ㅎㅎ 저 쌀튀가 설탕이 안들어갔는데도 진짜 완전 건강하게 달아요ㄷㄷㄷ 존맛임 그래서 하나빼고 다 쌀튀 묻혔어요ㅋㅋㅋㅋㅋ•마지막으로는 큰 포장지 작은 포장지 중에서 고른 후에 들고갈 포장 가방도 주셨어요ㅎㅎ!=포근한 분위기 좋아하시고 홈메이드 초콜릿 좋아하신다면 만족하실것 같아요:) 사장님도 친절하시고 배려심이 깊으세요 만드는 동안 시식용 초콜릿도 주시고 갠적으로 아몬드 초콜릿이 제일 맛있었어요!※가격은 1인당 2만원이에요:)",kakao,5,19.12.24.
CNTS_200000000011593,왈왈,초코봉 사서 집가서 먹어봤는데 진짜 맛있어요ㅠㅠㅠ 존맛탱구리ㅠㅠㅠㅠ 바크랑 아망송이랑 브라우니랑 다 맛있었어요ㅠㅠㅠ 번창하세여 또 갈께유!!!!,kakao,5,19.12.23.
CNTS_200000000011593,직접가본곳만평점남겨요,사장님도 친절하시구 너무 좋아요맛있네요 제주도 오면 꼭 들려야겠어요~,kakao,5,19.12.23.
CNTS_200000000011593,이상명,간식용으로 바크를 샀는데 아주 맛있네요사장님도 친절하십니다,kakao,5,19.12.20.
CNTS_200000000011593,킴시미니,사장님 친절해서 좋아요 당연히 초콜릿도 너무 맛있네요,kakao,5,19.12.10.
CNTS_200000000008160,ㅇㅇ,친절하시고 좋아요방문해서 구매하면 할인해주세요,kakao,5,22.02.12.
CNTS_200000000008160,Duckwon,달콤한 허니와인 시음 가능,kakao,5,21.03.14.
CNTS_200000000013992,모냐뉴,라탄이 이렇게 재밌는지 몰랐어요!! 쌤이 가르쳐주신대로 멍때리면서 하다보니 시간이 훅 가더라고요ㅋㅋㅋㅋ 너무 친절하시고 빈티지 소품들도 너무 예뻐서 사진찍기도 좋은 것 같아요💕✨ 혹고니 뱃지도 겟-또 했습니다😎🦢 새 뱃지 많이 가져다 두시면 담에 제주 올 때 다 업어갈게요~~ 추천합니다⭐️⭐️⭐️⭐️⭐️💫,kakao,5,22.08.22.
CNTS_200000000011137,w.w.w.,기념품들이 알차게 진열되어있고 종종 1+1행사도 진행하시는것 같다 한번에 주변지인 선물 구입하기 젛은 샵,kakao,4,22.08.26.
CNTS_200000000011137,Y U N ' S,인사도 힘차게 해주시니 기분도좋은 잡화점 제주살이중  수십군데간곳중  제일 맘에들어서  선물할것도 꼭 여기가서 구입한다.,kakao,5,22.05.26.
CNTS_200000000011137,양,귀여운게 너무 많아서 고르기 참 힘들었어요. 한라봉 마그넷 냉장고에 잘 붙여놨어요.,kakao,5,22.04.12.
CNTS_200000000011137,실력파 음식점 좋아함,가격도 합리적이고 포인트가 있는 물건들이 많아 좋음 ㅎㅎㅎㅎ 사장님도 친절하심,kakao,5,22.01.07.
CNTS_200000000011137,"S-j, Choi",적당한 가격에 종류도 다양해서 구경하는 재미에 만족스럽게 득템도 했어요~,kakao,5,21.11.17.
CNTS_200000000011137,소땡 :0,갔던 소품샵 중에 제일 물건을 많이 산 것 같아용~가게 분위기가 제주스럽진 않지만 물건은 많아서 만족!,kakao,4,21.11.11.
CNTS_200000000011137,어흥흥,저렴한 가격손님이 많은덴 이유가 있나봐요~,kakao,5,21.11.06.
CNTS_200000000011137,져니,전 여기 너무 좋아서 지인들에게 여러번 추천했어요. 품목도 다양하고 가격도 적당한거같아요.,kakao,5,21.08.21.
CNTS_200000000011137,풀,생각보다 귀여운게 많고. 과자등도 팔아 간식거리 사오기도 좋음. 뜨개질하는 사장님 귀여우심.,kakao,5,21.04.22.
CNTS_200000000011137,elan,너무 귀엽고 아기자기한게 너무 많았어요!! 지갑지키느라 힘들었네요 구경하다 시간 순삭...,kakao,5,21.04.15.
CNTS_200000000011137,슈크레, ,kakao,3,21.02.21.
CNTS_200000000007913,윤선,제주도 와서 가고 싶었던 곳 1순위 ^^ 다음에 또 올께요. 참 황금열쇠 볼펜은 여기 굿즈라 판매 안할 듯,kakao,5,22.07.27.
CNTS_200000000007913,John, ,kakao,3,21.02.23.
CNTS_200000000007913,.,평소 연필로 글씨 쓰는걸 좋아하는데 여러나라의 다양한 연필이 있어서 정말 좋았어요! 다음엔 필사도 들을거에요!,kakao,5,20.04.02.
CNTS_200000000013588,소땡 :0,"제주 풍경으로 된 엽서, 포스터들이 아주 많았어요!!제주 풍경 제품에 관심 있으신 분들이 가면 좋을 것 같아용",kakao,4,21.11.11.
CNTS_200000000013588,jj,"엽서 , 손거울 , 마그넷 , 메모지 , 컵 등 제주풍경 기념품샵입니다! 친절한곳이에요 세화 가면 한번 가보면 좋을거 같아요",kakao,5,21.10.12.
CNTS_200000000013588,J,좋아요 손거울 샀어요,kakao,5,20.12.22.
CNTS_200000000013588,최소미, ,kakao,4,20.12.02.
CNTS_200000000013588,🦔,엽서가 필요하던 참에 우연히 발견한 가게! 흔한 관광지 사진이나 그림이 아닌 다양한 엽서와 예쁜 메모지가 잔뜩 있어서 좋았어요. 친절한 응대도 너무 좋았어요 :),kakao,5,20.11.02.
CNTS_200000000013588,전희웅,사진이 멋있어요 !!!소품이 다양하고 이쁜 상품이 많아선물하기 좋은것같아요 !!,kakao,5,20.09.05.
CNTS_200000000013588,강숙자,똑같은 것만 볼 수 있는 흔한 소품샵과는 다르네요. 사용하기 아까울 정도로 예쁜 메모지가 인상깊었습니다. 다음 여행때는 조금 더 다양한 상품이 추가된다면 지갑을 다시 한 번 열 것 같아요.,kakao,5,20.09.03.
CNTS_200000000013588,공란,"상품이 사고 싶을 만큼 특징 있지도 않고, 사진도 그냥 그래요... 시간들여 올 곳은 아님",kakao,1,20.08.18.
CNTS_200000000014006,붉은살,직원들 친절합니다.제주도 전통주 양조장중에 규모가 큰편입니다.,kakao,5,22.05.27.
CNTS_200000000014006,김성윤,박유환이 맨날 추천해서내일 가봅니다... 기대가 큽니다.,kakao,5,21.08.12.
CNTS_200000000009456,유제현,고양이 덕후들이 좋아할만한 곳인데 홍보가 덜 된듯요..,kakao,5,22.09.28.
CNTS_200000000009456,msG,"고양이 좋아하는 친구따라 갔는데, 진짜 고양이 소품들이 많더군요. 다녀본 소품샵 중에 최고였습니다. 담번에도 여행오면 꼭 들리려합니다. 번창하세요",kakao,5,19.11.19.
CNTS_000000000021057,write.__.down,독립서점 특유의 아늑하고 소박한 느낌이 낭낭한 곳만춘서점1은 책들이 가득하고만춘서점2는 책과 함께 소소한 잡화들을 함께 판매한다!,kakao,5,23.02.03.
CNTS_000000000021057,냉정한ㄱㄹ, ,kakao,5,23.01.16.
CNTS_000000000021057,왐골,상단에 만춘 도장이 찍힌 책을 사라. 읽지 않아도 사라. 책상 위에 봄이 가득할 것이다.,kakao,5,23.01.11.
CNTS_000000000021057,혜돌, ,kakao,3,22.11.17.
CNTS_000000000021057,firstist,"분위기는 좋은데, 책을 사지 않으면 앉을 공간이 없다는게 아쉽네요.  사지 않을거면 그냥 서 있어라 이런 느낌.",kakao,4,22.11.13.
CNTS_000000000021057,☆justina☆,제주여행 뜻밖의 수확 너무너무 분위기있는 공간 책도 재미난게 많았어요 걘적으로 01과 02공간을바꾸는게 어떨까 싶더라구요 작은 벤치도 넣어서 잠깐이라도 책을  읽어볼수 있는 공간이 있었으면 좋겠더라구요 너무 좁아서 서서 책볼때 비켜주기 바쁨...정말 보물같은 공간,kakao,4,22.10.22.
CNTS_000000000021057,후기록,추천!,kakao,5,22.09.26.
CNTS_000000000021057,이권표,분위기 너무 좋고 책도 많구 적당히 넓구 주차도 가능하고 예쁜 공간입니다,kakao,5,22.08.19.
CNTS_000000000021057,yul_jjing,작지만 소소한 재미가 있는 서점. 딸아이 책 몇권 추천받아 선물해줬는데 너무 좋아했어요! 쇼핑백이 좀 더 짱짱했으면 좋겠어요~ 약해서 들고다니다가 찢어졌…..ㅠㅠ,kakao,5,22.07.20.
CNTS_000000000021057,임온유,.,kakao,5,22.07.01.
CNTS_000000000021057,내맘속별다섯,만춘서점.. 왜 이제야 간 걸까..분위기도 좋고 책도 좋아 여행 중 읽을 책을 샀습니다. 만춘서점 기념 음반도 기념품으로 구입. 음악 좋습니다.,kakao,5,22.06.28.
CNTS_000000000021057,피터팽, ,kakao,5,22.06.20.
CNTS_000000000021057,쿠루쿠루,가봤던 개인서점 중에 제일 좋음. 사고 싶은 책들이 많고 음악까지 좋았음,kakao,5,22.06.12.
CNTS_000000000021057,j,서가가 알참. 사고 싶은 책 많음.,kakao,5,22.05.11.
CNTS_000000000021057,L,또 방문하고 싶어요,kakao,5,22.04.17.
CNTS_000000000021057,동동,"1, 2호점 모두 갔는데 한 사장님이 응대하시는 게 조금.. 다른 손님이 뭐 물어봤는데 저까지 무안했어요.",kakao,3,22.03.26.
CNTS_000000000021057,이용자,"옆 건물을 페이지02 라고 이름붙인게 인상적이었어요. 작은 책방이었는데, 제 책꽂이에 있는 책들을 만춘서점에서 많이 볼 수 있어서 더 기억에 남네요.",kakao,5,22.03.14.
CNTS_000000000021057,ㅇㅅ,손님응대 최악;일부러 찾아갔는데 다신 안 찾을 듯 싶네요,kakao,1,22.02.18.
CNTS_000000000021057,행복한애옹이,고양이가 생선집을 그냥 지나칠 수 없듯이만춘서점에서 책 향기가 솔솔 풍겨서 그냥 지나칠 수가 없었어요ㅎㅎ작지만 아늑한 곳. 날 좋을 때 만춘서점에서 책 한 권 사서 바닷가 앞에서 읽고 싶다~,kakao,5,22.02.16.
CNTS_000000000021057,메리,따봉 서점,kakao,5,22.01.30.
CNTS_000000000021057,gilchi,넘나 애정하는 서점♡,kakao,5,22.01.06.
CNTS_000000000021057,yenni,최고입니다!!!사장님과 직원분 너무 친절합니다,kakao,5,22.01.05.
CNTS_000000000021057,y.y,친절한 사장님과 따뜻한 분위기가 어우러진 곳이에요♡,kakao,5,21.12.30.
CNTS_000000000021057,시티헌터,주인분의 따스함과 애정이 느껴졌던 책방,kakao,5,21.10.19.
CNTS_000000000021057,🤗, ,kakao,5,21.09.30.
CNTS_000000000021057,가나다, ,kakao,5,21.09.26.
CNTS_000000000021057,dunno,다시 또 들를 것 같습니다.,kakao,5,21.09.22.
CNTS_000000000021057,✔️, ,kakao,5,21.08.29.
CNTS_000000000021057,냠,사장님도 친절하시구 분위기가 정말 너무 좋아요!엠디들도 다들 너무 예뻐서 전부 사오고 싶었어요여행하는동안 짐 만들기 싫어서 최대한 기념품 안 사야지 마음먹고있었는데 예뻐서 안살 수가 없었어요..책 사면 포스터도 받을 수 있어요,kakao,5,21.06.03.
CNTS_000000000021057,바다,제주에서 제일 좋아하는 서점 중 하나에요! 책을 사면 세심하게 뿌려주시는 향수도 너무 좋고 굿즈들도 이쁘고 무엇보다 좋은 책들이 많습니다,kakao,5,21.05.09.
CNTS_000000000021057,바크콜,밑에 책 구절 보고 구매하셨다던 분처럼 저도 그렇게 책 구매했어요 ㅎㅎ 꼭 가보세요!,kakao,5,21.04.27.
CNTS_000000000021057,숭늉,따땃한 감성 그득,kakao,5,21.04.03.
CNTS_000000000021057,라넌,좋은 책 많이 보고갑니다~,kakao,5,21.03.26.
CNTS_000000000021057,그레이,책 구절을 적어두신 게 신의한수!책 구입 생각하지 않고 갔는데 구절 보고 구입했어요!굿즈들도 세심하게 신경 쓴 부분들이 하나하나 보여서 감동받고갑니다,kakao,5,21.02.26.
CNTS_000000000021057,윤석주수학, ,kakao,5,21.02.26.
CNTS_000000000021057,:_:,분위기랑 너무 예뻐요,kakao,5,21.01.31.
CNTS_000000000021057,Anemone,"언제 와도 좋아요. 작지만 알찬 책장, 따뜻하신 사장님 :) 사고 싶은 책이 왕창 생기게 만드는 곳!",kakao,5,21.01.28.
CNTS_000000000021057,jj,재밌는 책이 많아요,kakao,5,21.01.18.
CNTS_000000000021057,맛박사, ,kakao,4,20.11.28.
CNTS_000000000021057,아아,아기자기한 분위기와 예쁜 인테리어작은 규모임에도 좋아하는 작가님들 책도 다양하게 있어서 만족합니다.,kakao,5,20.11.16.
CNTS_000000000021057,may,작지만 서가 구성이 좋아요. 부담없이 구경할 수 있어 좋았습니다.,kakao,5,20.10.10.
CNTS_000000000021057,스폰지밥,예쁜데 특별할 거 없고 기념품 엄청 비싸요,kakao,2,20.10.01.
CNTS_000000000021057,구지연,다들 적으신 것처럼 작지만 알찬 곳. 소품들은 잘 못 봤고 책 셀렉션 좋아요.ㅎㅎ 책 사서 서점 앞 벤치나 옆집 카페(나무 책상이랑 의자가 아주 좋음)에서 읽으면 너무 행복해요.,kakao,5,20.09.15.
CNTS_000000000021057,맛선생,외관 뿐만 아니라 그 안도 참 멋진 공간. 책들도 다양하고 짐이 많아 딱 한권만 고르는데 참 어려웠습니다.,kakao,5,20.08.25.
CNTS_000000000021057,배고픈 먼지씨,죠아요,kakao,5,20.08.24.
CNTS_000000000021057,SY,"매우작은 공간인데 북셀렉션이 좋아 꽤 알찹니다. 어린이가 읽을만한 책도 더러 있어서, 아이들 책 하나씩 고르게하여 숙소에서 읽기에도 좋습니다.",kakao,5,20.07.29.
CNTS_000000000021057,후츄,꽂혀있는 책 취향이 저랑 너무 비슷해서 좋았어요 책 사려다 관둔게 아직도후회됨 ㅜ,kakao,5,20.07.04.
CNTS_000000000021057,beaucoupderiz,신간도 많고 알찬 책들이 여럿 있음,kakao,3,20.05.16.
CNTS_000000000021057,.,책마다 직접 보시고 남긴 후기글같은게 써져있어서 너무 좋았어요 살짝 좁지만 그것대로 아늑한 서점입니다,kakao,5,20.02.25.
CNTS_000000000021057,Yuul,밑의 분은 후기가 전부..; 굉장히 수틀려서 세상 비뚤어지게 보는 분이네. 그렇게 살면 본인만 힘들겠어요.좁지만 아기자기하고 꾸민 태가 구석구석 묻어있는 정감가는 공간. 입구의 신해철 비가 인상적. 음악도 좋다. 이아립을 알게 된 곳. LP와 음반 코너를 눈여겨 봄.,kakao,4,20.01.12.
CNTS_000000000021057,시리,조용하고 좋은 음악,kakao,5,19.12.12.
CNTS_000000000021057,정다은,책 2권 구매 :),kakao,5,19.08.07.
CNTS_000000000021057,이곳저곳,music of the forest,kakao,5,19.07.04.
CNTS_000000000021057,프로평가조류,좋습니다 많이 파세요,kakao,5,19.04.18.
CNTS_000000000021057,맆으, ,kakao,5,19.03.23.
CNTS_000000000021057,GG,생각보다 장소가 협소하지만 아기자기하고 예쁩니다.주인분이 책들을 엄선하여 좋은책들을 볼 수 있었습니다.,kakao,5,18.06.30.
CNTS_000000000021057,배지영,완전 좋아요!!!!,kakao,5,18.06.08.
CNTS_000000000021057,한개,작고 조용한 서점좋아하는 책들이 그득그득하고강아지도 귀엽고 순하고 ㅎㅎ서점앞 테이블 자리도 운치 가득,kakao,5,17.11.22.
CONT_000000000500733,킴앵지, ,kakao,2,22.11.24.
CONT_000000000500733,냉철한전문가, ,kakao,4,22.01.06.
CONT_000000000500733,@ganesha_jeju,무사 평점 이렇지?술안먹으면 약간 눈치보임,kakao,4,21.12.05.
CONT_000000000500733,김주천, ,kakao,3,21.06.29.
CONT_000000000500733,ㅈㅈㅇ,근처에 있길래 함 가봤는데 시장도 작고 열려잇는 곳도 별로 없네용 동문시장 갑시다,kakao,1,21.02.23.
CONT_000000000500733,평화주의자,제주 현지인입니다.지난번에 육지에서 지인들이 많이 왔습니다.그래서 동문시장도 좋지만 서문시장이 정육식당 특화시장이니까 거기 가보자 해서 모시고 갔었습니다.정육점에서 고기를 구매하고 어느 식당으로 갈까요? 했더니 인원이 좀 있어서다른곳을 추천 해 주셨는데 기분좋은것은 딱! 거기까지였습니다.식당에서는 정말 왜 왔는지 모르겠다는 투의 말투와 야채 등도 한번 주더니 다음부터는 안된다고 하더군요.나중에 알았는데..그거 돈준다고 하면 준다고 했습니다.그럼 처음부터...여기는 셋팅비로 먹고 살으니 추가 구매하셔야 한다고 했으면 이해 했을텐데 아쉽네요.결국 자기네 온 손님..즉 자기네 집에서 직접 고기와 술 시키는 사람들한테 팔아야 하는데..우리는 고기도 다른곳에서 사오고..그랬으니..저녁에는 자기네 장사도 해야 먹고산다고 노골적으로 얘기하더군요.정말 아쉬운 장면이었습니다.지인들 모시고 가서 얼마나 미안하던지..서문시장이 발전하려면 먼저 제도적으로 정착이 되어야 하는데..한계가 있음을 느꼈네요.,kakao,1,19.10.25.
CONT_000000000500733,최준성,정육점+식당(상차림)=흑돼지,kakao,4,18.08.18.
CNTS_200000000011557,강동준, ,kakao,5,21.05.12.
CNTS_200000000011557,김아름,자주 들릴께요 :) 스고하세용 ^^,kakao,5,21.03.04.
CNTS_200000000011557,안혜지,빈티지 초보여서 은근 들어가기 무서웠는데 설명 쓱 해주셔서 넘 김사했어요. 여기서 산 옷 입구 우도 다녀왔습니당.,kakao,5,21.02.27.
CNTS_200000000011557,희주,사장님이 엄청 친절하시고 옷도 예쁘고 퀄도 좋아요!,kakao,5,21.02.25.
CNTS_200000000007633,ㅇ,책에 대한 애정이 돋보이는 곳이다.중앙에 피노키오를 보고 동심을 아끼거나 그리워하시는 사장님의 마음이 얼핏 보였다. 강아지가 놀아달라고 공을 물어줬으나 목줄이 짧아서 조금 미안했다.,kakao,5,22.12.08.
CNTS_200000000007633,Jihye,이것저것 카테고리가 다양하고 귀여운 강아지와 친절하신 사장님 덕에 힐링도 되는 책방,kakao,5,22.11.14.
CNTS_200000000007633,여비츄,정답고 알찬 곳입니다. 대표님의 공간과 책에 대한 애정이 남다르세요. 보석같은 곳!,kakao,5,22.06.22.
CNTS_200000000007633,아유 하기싫어,친절한지는 잘 모르겠음,kakao,3,22.05.27.
CNTS_200000000007633,아서 모건,위미에 이런곳이,kakao,5,21.08.15.
CNTS_200000000007633,piodje,good place,kakao,5,21.08.09.
CNTS_200000000007633,리뷰어,규모가 생각보다 크고 책이 많아요,kakao,5,21.02.10.
CNTS_200000000007633,Alice,"제주에서 만난 여러 책방중 가장 좋았던 곳! 책 종류도 많고, 작가들에 대한 사장님의 코멘트도 좋다! 위미에 온다면 한번쯤 둘러보세요!",kakao,5,20.12.10.
CNTS_200000000007633,오늘하루,책도 많고 정다운 분위기,kakao,5,20.11.20.
CNTS_200000000007633,책앤커피,북 큐레이션이 한쪽으로 치우치지 않고 여타 독립서점들에 비해 규모가 큽니다 특히 사장님이 돌아가신 어머님의 초가집을 스스로 개조해서 만든 구조가 인상적이고 일러스트 원화 전시 공간도 있고 아동도서 구색에 특화되어 있습니다 인스타에 피드가 없어서 긴가민가하는 마음으로 갔다가 깜짝 놀랐어요,kakao,5,20.10.28.
CNTS_200000000007633,Mar,분위기 아주 굿 괜히 책 사고 싶어서 두 권 샀음 ㅋ ㅋㅋ,kakao,5,20.09.26.
CNTS_200000000007633,박성준,"친절하고 유머스러운 사장님, 감각적인 인테리어를 직접하셨다고함, 제주분이시고 제주도에 애정이 많으심",kakao,5,20.07.23.
CNTS_200000000007633,이우빈,주인분이 바뀐건지 쉬다가 재오픈 하신건지 모르겠지만지금 영업합니다 ~ 깔끔하고 카테고리 잘 분류되어있고 좋은책들 많아서 좋았음,kakao,5,20.06.17.
CNTS_200000000007633,EKSHIN,그림책에 대한 열정이 엄청나세요! 제주 가면 항상 들리고픈 책방입니다.,kakao,5,19.08.16.
CNTS_200000000007633,윤복,서점 주인 분이 고르신 책이 진짜 취향저격이에요-책 구경하느라 1시간이 훌쩍 지났어요 ㅎㅎ3권 사려다 돈이 없어서ㅠ2권만 샀슴니다 ㅜ다만 온라인 서점처럼 10% 할인해주시면 좋을 것 같아요 ㅠ,kakao,4,19.01.02.
CNTS_200000000007955,rain,나갈때 인사해도 받아주지 않는 싸늘한 눈빛 .. 기분이 나쁘네요,kakao,1,21.12.03.
CNTS_200000000007955,웜웜,불친절해요,kakao,1,21.12.03.
CNTS_200000000007955,JS,코스타노바 접시 여기서 샀음...화병도 종류 많더라구요,kakao,5,20.10.08.
CNTS_200000000007955,TAEBIN KANG, ,kakao,5,20.04.20.
CNTS_200000000007938,앙큼꾸숑,친절하시고 좋은데모기가 모기가 너무 많아요30군데도 넘게 물린듯만원짜리 상자면 충분할듯 하네요,kakao,4,21.08.25.
CNTS_200000000007938,쌀벌한놈,시설도좋고 최고에요!!,kakao,5,21.04.06.
CNTS_200000000012266,검은콩,과일가게 👍 생선가게 👍 채소가게 👍  잡화 👍 분식집만가지마세요,kakao,4,22.09.17.
CNTS_200000000012266,RYU,와. 입구 앞 도넛과 가래떡볶이집...와..최악;리뷰남겨보긴 처음이네요. 가래떡 사선으로 자른거 4덩이..5천원. 가격을 떠나 너무 맛없어서..나원참..,kakao,1,22.07.25.
CNTS_200000000012266,갓파,오징어튀김맛남 귤한라봉도 맛남,kakao,5,22.06.19.
CNTS_200000000012266,벅스, ,kakao,1,22.05.20.
CNTS_200000000012266,gh,이래저래 합리적 가격으로 재밌게 시장 구경하고 사긴 했는데 밑에 리뷰 오징어 튀김 극찬은 전혀 공감이 안됩니다. 기름 너무 많이 머금고 튀김옷 눅눅 오징어도 신선한거같지않고 기본이 안된 튀김이었네요,kakao,3,21.12.31.
CNTS_200000000012266,capri,맛있는거 알려드릴게요. 안으로 쭉 들어가면 녹두빈대떡 파는데 이집이 맛있어요. 포장도 얼마나 예쁘게 해주신지 ㅎㅎㅎ 같이 주신 양파장아찌랑 먹으니까 꿀맛♥,kakao,5,21.10.11.
CNTS_200000000012266,과천지식정보타운 공인중개사, ,kakao,5,21.09.28.
CNTS_200000000012266,-,오복이네인가 이름을 잊어먹었는데 정말 오징어튀김 꼭 드세요. 이만원어치 먹어도 너무 맛있을 튀김입니다. 육지에는 이런 튀김옷과 오징어가 절대 없습니다. 찹쌀도너츠는 떼다 파시나 했었는데 아닙니다. 다 여기서 만드십니다. 진짜 다 바로바로 나오는 거여서 너무 맛있고 신선해요.,kakao,5,21.05.28.
CNTS_200000000012266,김태현, ,kakao,5,21.05.22.
CNTS_200000000012266,ㄱ,코로나여서 그런지 제가 시간과 날짜를 잘못 맞춰간건지 열어있는곳이 없었습니다^^;;;;;;;,kakao,1,21.05.17.
CNTS_200000000012266,박상원,박상원,kakao,5,21.05.06.
CNTS_200000000012266,ceviche,천혜향 맛집,kakao,5,20.11.27.
CNTS_200000000012266,helen, ,kakao,4,20.11.24.
CNTS_200000000012266,제주도민준,저렴하고 사람냄새나고 참 좋음!대형마트보다 과일이 더 맛있음!,kakao,5,19.10.31.
CNTS_000000000021075,Sh,몹시 귀여움 별 걸 다 사고 나옴방문했던 소품샵 중 가장 귀여워요...,kakao,5,22.12.24.
CNTS_000000000021075,lees,매우 귀여움,kakao,4,22.12.15.
CNTS_000000000021075,무야호,내가 다닌 소품샵중 가장 제취향입니다.. 사랑입니다...,kakao,5,22.12.05.
CNTS_000000000021075,념념,아기자기하고 귀여운 곳.,kakao,4,22.11.18.
CNTS_000000000021075,MK,공간 자체는 작지만 문구류도 귀엽고 특히 물건마다 직접 작성하신 멘트 하나하나 유머러스해서 정독하게 되네요ㅎㅎ 사장님도 친절하시고 즐거운 시간이었어요.,kakao,5,22.11.04.
CNTS_000000000021075,샐러드,친절하셔요 소품들도 이쁨 기념품굿,kakao,5,22.11.01.
CNTS_000000000021075,옴팡진어른이,11시에 잘열려있던데..빨리나와서 문열고 그런건 아닌것같고 옆에 사장님들이랑 다같이 11시에 열기로 하셨낭.. 집모양은 여기서만 파는것같아서 분양받았음!!조금 비싼거 같은데.. 원래 집값비싸니까 수긍함..,kakao,4,22.10.20.
CNTS_000000000021075,강아지,"사장님이 너무 친절하시고 가게에 소품이 정말 너무 귀여웠어요ㅠㅠ 다 사고싶은거 간신히 참았어요 ㅎㅎㅎ 원래 가보고 싶었던 곳이었는데 근처 온 김에 왔는데, 역시 와보길 너무 잘했어요! 아기자기한 것 좋아하시는 분들은 정말 좋아하실거예요!",kakao,5,22.09.17.
CNTS_000000000021075,.,아이가 가고싶다고해서 멀리서 찾아갔는데판매자 여자두명이 나는솔로 영식욕하고 옥순옷차림 이야기하는게 너무거슬렸음,kakao,1,22.09.09.
CNTS_000000000021075,천덕♡,자칫 그냥 지나칠 수 있는 위치에 있어요!지갑 털릴 각오 하고 가세요 ㅎㅎㅎ,kakao,5,22.06.01.
CNTS_000000000021075,7356,아쉽기념품 비중이 많음,kakao,2,22.05.17.
CNTS_000000000021075,탕탕,사장님도 친절하신데 소품샵도 너무너무너무 귀여워요&lt;3  제주 동쪽에서 젤 예쁜 소품샵이에요!,kakao,5,22.05.10.
CNTS_000000000021075,L,기대보단 아쉬웠지만 메모들이 눈길을 끄네요,kakao,4,22.04.17.
CNTS_000000000021075,잰잰,열두시에도 안열려있는 이곳...ㅋㅋ,kakao,1,22.04.14.
CNTS_000000000021075,ㅇㅅㅇ, ,kakao,4,22.03.02.
CNTS_000000000021075,알,11시 오픈이면 11시 전에 와서 준비하셔야 하는거 아닌가요? 비행기 시간 때문에 11시 10분까지 기다렸으나 인스타 공지도 없이 안오시네요...저 말고도 기다리는 팀이 2팀 더 있었어요,kakao,1,22.02.01.
CNTS_000000000021075,문효선,28일부터 2월 6일까지 휴무에요  참고하세요,kakao,5,22.01.28.
CNTS_000000000021075,실력파 음식점 좋아함, ,kakao,3,22.01.16.
CNTS_000000000021075,코끼리,동쪽에 머물면서 선물가게가 많이 없어 아쉬웠는데 검색해서 찾아왔습니다. 아기자기하고 제주스러운 소품이 많습니다.,kakao,4,22.01.01.
CNTS_000000000021075,slow,10분 둘러보고 뭐 사고 나왔는데 메모 적어 놓은 거 읽다보니 지금 찐이모보다 내적 친밀감 커짐... 분위기 좋아요,kakao,5,21.12.28.
CNTS_000000000021075,서민진,21일까지 휴무래요 ㅠㅠ,kakao,5,21.11.17.
CNTS_000000000021075,ㄱㅅㅃ, ,kakao,3,21.11.16.
CNTS_000000000021075,냐냥,"너무 조그마한 가게,,근처 갈 일 있다면 겸사겸사 들리는걸 추천하지만 그렇지않다면 굳이 찾아가는건 조금ㅠ",kakao,2,21.10.03.
CNTS_000000000021075,리리,소품들 물건들 너무 예쁜데... 제가 세화에 있는 일주일 동안 오픈 시간 11시에 여신 적이 없었어요 ㅠㅠㅎㅎ.. 열한시반은 돼야 문 여시더라구요.. 오픈이 조금 늦어질 것 같으면 인스타 같은 데라도 공지를 주시면 어떨까 싶네요,kakao,4,21.09.06.
CNTS_000000000021075,져니,아기자기한 소품샵. 같이 적혀진 설명들을 읽는게 너무 재밌어요.,kakao,5,21.08.21.
CNTS_000000000021075,csl,예뻐요,kakao,5,21.08.07.
CNTS_000000000021075,그린그린,"드디어 와봤다 여름문구사! 세화 올 때마다 일정이 안 맞아서 못 와봤는데 드디어 와 봄. 귀여운 제품들 많이 있고요, 주인분이 직접 그리는 간판 그림이랑 매달 발행하신다는 소식지가 아주 아기자기 하니까 벽에 붙어있는 것들도 유심히 봐야합니다. 이렇게 주인장의 취향이 마음껏 드러나는 곳 소듕",kakao,5,21.07.29.
CNTS_000000000021075,김사과, ,kakao,4,21.06.04.
CNTS_000000000021075,.,취향은 전혀 아니라 재방문하지는 않겠지만 왜 유명한지 알겠음 예상외로 괜찮음,kakao,4,21.05.02.
CNTS_000000000021075,elsl19,여름문구사/ 나나이로/아코제주 가 붙어있는데 여름문구사가 제일 보는 재미가 있었어요. 그리고 사장님도 여기 사장님이 제일 친근하고 친절하신듯..ㅎㅎ,kakao,5,21.04.17.
CNTS_000000000021075,사실만말해오,옆에 두군데에 비해 제일 친절한듯한 사장님~ ㅎㅎ 다른 기념품샵에서 파는것과 중복되는 물건 반 아닌것 반반인듯..,kakao,4,21.04.07.
CNTS_000000000021075,투어,솔직히생각보단 규모가 작지만....지나가는 길에 들어가면 행복해지는 곳이에요,kakao,4,21.03.04.
CNTS_000000000021075,김수영-표준,"너무너무 좋았어요.친절하시고, 잘먹을때인 아들들이라고 맛난 선물도 주시고 넘 배려가 깊으세요.다시한번 감사합니다~~^^",kakao,5,21.02.01.
CNTS_000000000021075,조단샘, ,kakao,5,20.12.13.
CNTS_000000000021075,최소미, ,kakao,5,20.12.02.
CNTS_000000000021075,beee,9월에 오고 한달만에 또 왔는데 내부가 더 넓어졌어요 귀여운건 더더욱 최고최고,kakao,5,20.10.29.
CNTS_000000000021075,😏,문구덕후분들은 가세요 ㅋㅋ 마스킹테이프 귀어워서 샀어요 ㅋㅋ 그게 아닌분들은 굳이 안가셔도....,kakao,5,20.10.27.
CNTS_000000000021075,✔️, ,kakao,3,20.10.09.
CNTS_000000000021075,Hailey,평범,kakao,2,20.08.06.
CNTS_000000000021075,영등포구먹짱,귀여운거 많고 귀여워요ㅠ,kakao,4,20.05.30.
CNTS_000000000021075,Aloha!,동네 분위기에 맞게 꾸며진 작은 편집샵한번쯤 들러서 구경하기 괜찮아요카드결제는 안되는게 가장 큰단점,kakao,3,20.04.26.
CNTS_000000000021075,맛집에 도른자,귀여운게 많긴하나 가격에 비해 잘 모르겠네요..,kakao,3,20.04.02.
CNTS_000000000021075,동후, ,kakao,5,20.03.08.
CNTS_000000000021075,JJJ, ,kakao,4,20.01.11.
CNTS_000000000021075,sUNg jONg gEUn, ,kakao,5,19.10.18.
CNTS_000000000021075,😊,멀리서 굳이 찾아올 필요는 없지만 이 근처에 묵는 분들이시라면 꼭 찾아가보라고 하고싶어요 ㅎㅎ 상품들 사이에 주인 분이 써놓으신 설명들이 귀엽고 웃겨서 피식 피식 웃게 되는 곳이에요- 그 감성이 좋아서 한참을 구경하다 마스킹테이프 영업당해서 사려고했는데 현금만 된다그래서ㅠㅠ 내일 다시 방문하려고용!♡,kakao,5,19.10.14.
CNTS_000000000021075,냠냠🍖, ,kakao,3,19.09.23.
CNTS_000000000021075,내가진짜쩝쩝박산데다따라하네,일요일이라 구경은 못했지만 밖에서 찰칵,kakao,5,19.07.09.
CNTS_000000000021075,ᐠ( ᐛ )ᐟ,귀여운 문구류를 좋아하면 한 번 쯤 들리면 좋은 곳. 어디나 그렇듯 그 집 컨셉에 맞게 꾸며져 있는 분위기가 좋음. 그렇지만 너무 비슷한 나머지 살 게 별로 없는게 흠. 굳이 찾아 올 필요는 없지만 근처에 있다면 오면 좋은 곳.,kakao,3,19.02.17.
CNTS_000000000021075,^^,살게 없네요...차라리 월정리나 세화쪽으로 가세요...아니면 바로 “소심한 책방”으로 넘어가는 것이 어떨지...,kakao,1,19.02.07.
CNTS_000000000021075,케n케이,동네 온다면 한번쯤~~,kakao,4,18.09.08.
CNTS_000000000021075,k,평범함. 귀엽지만 특색있지는 않다,kakao,3,18.08.21.
CNTS_000000000021075,새별,솔직히 귀여운 편집샵이긴하지만 일부러 물어물어 올 정도는 아님. 소심한 책방을 다녀온 이후여서 그런지 큰 감흥은 없던듯. 게다가 당연한 듯 현금거래만 가능하다는게 찜찜.,kakao,3,17.11.30.
CNTS_200000000008041,MIN, ,kakao,5,22.08.20.
CNTS_200000000008041,다이어터,살만한 게 많음/ 오픈시간 칼같이 맞추지 않음,kakao,3,22.08.09.
CNTS_200000000008041,뿌엥뿌엥,아기자기 예쁜 편집샵이예요. 근방 편집샵 3군데 중에 가장 독특하고 갬성 충만~,kakao,5,22.08.07.
CNTS_200000000008041,베레베레,인스타 보고 갔는데 정말 보물 같은 곳 사장님 친절 하시구 아이들 이뻐 해 주시구 귤 모양 치비츠랑 선물 살 것들 샀는데 싸구려 중국제 말고 여기서 이쁜거 사세요 우도 가면 또 갈거에요,kakao,5,22.06.27.
CNTS_200000000008041,Jang bal jang,보물 같이 발견해버림,kakao,5,22.02.04.
CNTS_200000000008041,now,고양이 맛집..ㅠ 땅콩아 잘 지내 사장님도 친절해요,kakao,5,21.12.31.
CNTS_200000000008041,아이스베어,아기자기한 예쁜 소품들 많이 있어요. 골목길에 숨어있어서 숨겨진 비밀의 공간으로 들어가는 느낌이에요.,kakao,5,21.12.26.
CNTS_200000000008041,"S-j, Choi",예쁜 공간에 예쁜 소품들과 예쁜 고양이와 예쁜 사장님이 계세요!!ㅎㅎ제주 한 달 살이 하는 동안 구경하러도 가고 친구들한테 추천해주느라 가고 찜 해뒀던 것들 사러 몇 차례나 다녀왔는데 늘 기분 좋은 공간이었어요☺기분좋게 구경하고 득템할 수 있는 곳으로 추천합니다:),kakao,5,21.11.22.
CNTS_200000000008041,네네,예쁜곳! 다른곳에서 못본 기념품을 발견하고 냉큼 사가요~,kakao,5,21.11.03.
CNTS_200000000008041,narea,예쁘고 좋아요 !!,kakao,5,21.10.21.
CNTS_200000000008041,노어이,가게가 넘 예쁘고 볼 상품도 많았어요. 밑에 폐업했다는 댓글이 있던데 아닙니다...,kakao,5,21.10.08.
CNTS_200000000008041,이인자,성산에서 기념품샵찾다가 보물같은 공간발견!!샵 자체가 너무 이쁘더라구요^^입구에서부터 눈에 하트가 뿅뿅했는데안에 여러종류의 기념품을 보고 더 반했답니다~기념품 선물 받은 지인들에게 칭찬세례 흐흐재방문갑니다~ 번창하세요!!,kakao,5,21.10.08.
CNTS_200000000008041,shinsuni,지인들 선물 사러왔는데 예쁜게 너무 많아요~!!,kakao,5,21.10.07.
CNTS_200000000008041,이예찬,폐업함,kakao,1,21.10.04.
CNTS_200000000008041,12345, ,kakao,3,21.08.09.
CNTS_200000000008041,좋은하루,소품도 이쁘고 구경할 것 많아요,kakao,5,21.06.13.
CNTS_200000000008041,실제로다녀와서남김,갬성있고 이뻐요 걸으면서 꼭 가보세요,kakao,4,21.06.13.
CNTS_200000000008041,강유혁,가게가 예쁨,kakao,5,21.04.27.
CNTS_200000000008041,-_-,"+ 들어가는 길부터 기분좋게 이쁨. 다양한 상품들이 있고 예쁘게 전시되어 있음. 다른 곳에서 보지 못했던 것들이 있는 것 같았음.- 딱히,, 없음",kakao,4,21.03.04.
CNTS_200000000008041,Thanos,"친절하고 아름다우신 사장님, 그리고 아기자기하고 감성스러운 소품들. 그렇게 비싸지도 않고. 만족하며 구매했습니다.",kakao,5,21.03.02.
CNTS_200000000008041,미나이,성산일출봉보고 잠깐들리기좋음! 주차는 성산에 하고 보셔요~~주차불가다른곳보다 크고 특이한게많음,kakao,4,20.12.06.
CNTS_200000000008041,솔,지나가다 들렷는데 매우 이뻣음 다른 소품샵에 없는것도 많구요. 모빌이랑 선캐쳐 진짜 사고싶엇음 ㅠㅡㅠ 전 만족했어요,kakao,5,20.11.27.
CNTS_200000000008041,밤밤,산건 없지만 아기자기 하니 귀여움,kakao,4,20.11.23.
CNTS_200000000008041,beaucoupderiz,기념품샵이 다 비싸긴 하지만 여긴 다른 곳에 없는 상품들이 꽤나 보였음굳이 찾아가진 않아도 됨,kakao,2,20.11.12.
CNTS_200000000008041,5729,지나가다 우연히 발견했는데 독특하고 예쁜 상품들 많아요 !,kakao,5,20.11.07.
CNTS_200000000008041,니냐니뇨,멀리 머무는데 굳이 갈 정도는 아니고 근처에 머물거나 지나가시는 길이면 들러보세용 분위기 좋아요:),kakao,4,20.11.05.
CNTS_200000000008041,슈크레,아주 만족스러운 기념품상점입니다. 다양하고 구경하는 재미가 있어요.,kakao,5,20.10.05.
CNTS_200000000008041,나나나,"제주에서 갔던 소품샵 중 일등! 밤에 갔는데 조명 예쁘게 켜두셔서 우와 감탄하며 들어감, 물건 다양하고 직원분들도 친절하심, 아 물건 사고 나오는데 웬 개냥이가 다가오더니  발라당 눕길래 놀아줌ㅠㅠ 이것은 완벽",kakao,5,20.09.21.
CNTS_200000000008041,ㅇㅇ, ,kakao,5,20.08.18.
CNTS_200000000008041,이다혜,"친구들 선물 필요해서 방문한 제주아이 소품샵. 굿즈도 다양하고 예뻤다 그래서 친구들 선물 사기 성공,, 사장님도 너무 친절하시고 따듯해서 계속 기억난다",kakao,5,20.07.13.
CNTS_200000000008041,조유진,귀여운 소품도 많이 팔고 제주도랑 어울리는 책들을 팔아서 좋았습니다. 우연히 들른 가게인데 담에 또 가고 싶어요,kakao,5,20.06.13.
CNTS_200000000008041,ㄲㄹ,고영이가 다했다... 인테리어도 분위기도 미쳐부러따. 음료도 맛있어요!! 기념품도 아기자기합니다. 살 것 많아요.,kakao,5,20.06.07.
CNTS_200000000008041,요술콩 (◕ヮ◕)ﾉﾟ✧,아날로그 감성을 제대로 느낄 수 있다,kakao,5,20.05.31.
CNTS_200000000008041,냠냠,땅콩잼맛있다,kakao,5,20.03.10.
CNTS_200000000008041,모로로루라량,소품들이 이쁜데 저렴한 편이었고 흔하게있는 기념품샵 그런데랑 다름 직접만드심. 골든리트리버랑 치즈냥이도 있음. 성산갔다 들린 이 곳은 천국이었음,kakao,5,19.11.03.
CNTS_200000000008041,Nelly Hwang,소품들은 가격이 좀 있는 편이지만 한번 쯤 들러 구경 할만 합니다.카페는 커피도 맛있고 귀여운 고양이와 강아지도 있어요.,kakao,5,19.11.03.
CNTS_200000000008041,kai, ,kakao,5,19.09.20.
CNTS_200000000011393,0,"생각보다 엄청 넓고, 식당에서 식사하고 나와서 쇼핑하기 딱 좋아요.",kakao,5,22.04.15.
CNTS_200000000011393,딩가딩가, ,kakao,5,21.05.18.
CNTS_200000000008040,호vs불호,상품 다양하지 않음엘베없는 2층 겁나 비싸다; 다만 매장 내 향이 굳~~~ 오래 머물고 싶음. 포장해주는 종이봉투에도 향수를 뿌려주는데 돌아오는 내내 코 벌렁거리며 왔다는..^^;,kakao,3,22.12.08.
CNTS_200000000008040,수들,디자인 예쁘고 갬성있당,kakao,5,22.10.10.
CNTS_200000000008040,uizz, ,kakao,5,22.07.02.
CNTS_200000000008040,beaucoupderiz,왜 비싼지는 알 수 없지만 비쌈뭔진 모르겠으나 있어보이는 물건들나만 모르겠나……..;;,kakao,2,22.06.30.
CNTS_200000000008040,달달무슨달,생각보다 다양하지 않고 도자기 물건들  너무 비쌈 진짜..,kakao,1,22.06.26.
CNTS_200000000008040,찐맛집만간다,거의 도자기류인데 너무 비싸다 ㅠㅠ,kakao,1,22.05.22.
CNTS_200000000008040,쩝쩝박사,주차가 쉽진 않지만 제주스러운 소품샵 찾는다면 한번쯤 들러볼만 해요 향기제품 좋아하시는 분께 추천,kakao,4,22.04.15.
CNTS_200000000008040,☁️,주변에 주차할때그 없어요 초보 조심… 저 얼굴빨개지고 땀났어요,kakao,3,22.04.14.
CNTS_200000000008040,koo, ,kakao,4,22.03.24.
CNTS_200000000008040,z1nna,구경거리가 다양하진 않음 주차도 쉽지 않음,kakao,3,22.03.07.
CNTS_200000000008040,allo, ,kakao,5,22.02.04.
CNTS_200000000008040,집켜, ,kakao,4,22.01.02.
CNTS_200000000008040,제주몽,다 똑같은 기념품 가게가 아니라 정말 예쁜 소품들과 생활용품들이 많아요. 가게 분위기도 너무 예쁘구요! 그릇이랑 컵이 예쁜데 들고갈게 걱정되서 구매 못해서 아쉬웠어요ㅠㅠ,kakao,5,21.10.31.
CNTS_200000000008040,포뇽뇽이, ,kakao,4,21.08.25.
CNTS_200000000008040,:p,"일년만에 제주 다시 왔는데, 확장 이사 하셨네요 &lt;3이전 공간도 정겹고 좋았지만 넓어져서 더 많은 제품을 볼 수 있어 좋았어요. 3주년 축하드립니다 ~~~",kakao,5,21.08.13.
CNTS_200000000008040,박철우,항상 친절하고 분위기가 좋아서 즐겨 찾는 곳이에요 !,kakao,5,21.07.01.
CNTS_200000000008040,...,직원분들 친절하시고 매장 안이 깔끔해서 좋았습니다. 포장도 꼼꼼히 해주시고 정말 만족입니다.,kakao,5,21.07.01.
CNTS_200000000008040,옵티머스황도,원래 있던 곳도 정말 예뻤는데 이사간 곳도 예뻐요!가면 뭐든지 사게되는 곳이에요,kakao,5,21.07.01.
CNTS_200000000008040,꾸파,수풀같은 곳이 또 따로 없어서 종종 가요:-) 수풀에서만 만날 수 있는 것들도 좋고 특히 향초는 다른 향초들에 비해 향도 짙고 크기랑 컬러도 다양하게 구비되어 있어요. 구매하면 쇼핑백에 향 뿌려주셔서 좋고 깔끔하게 조심히 포장해주셔서 좋아요. 딱  필요한만큼의 친절도 좋습니다.,kakao,5,21.06.19.
CNTS_200000000008040,오구오구,"꾸미기좋은 소품들이 많은데 가게가 작아요,,",kakao,3,21.06.12.
CNTS_200000000008040,밍,불친절~,kakao,1,21.05.19.
CNTS_200000000008040,웬만하면 평화주의자,같이 지내는 멍멍이 귀여워효그리고 디퓨저랑 룸스프레이 종류들 향이 너무 좋아요!,kakao,3,21.05.04.
CNTS_200000000008040,smaak, ,kakao,4,21.04.13.
CNTS_200000000008040,여기까지, ,kakao,5,21.03.10.
CNTS_200000000008040,y,소품이 다양해서 구경하기 재밌고가격도 합리적인 것 같아요,kakao,5,21.02.24.
CNTS_200000000008040,123하나둘셋,굳이 찾아갈 곳은 아닙니다...원룸~투룸정도 작은 매장인데 일하시는 분들 따로 다른 방에 가있고 약간 남의 집 들어온 느낌이라 바로 나왔어요..! 아쉬운 곳.,kakao,1,21.01.06.
CNTS_200000000008040,고은비, ,kakao,5,20.12.05.
CNTS_200000000008040,bubble, ,kakao,2,20.11.29.
CNTS_200000000008040,L,깔끔한 소품들 가득,kakao,5,20.08.21.
CNTS_200000000008040,모모,나도 알아버렸지롱~•_&lt;,kakao,5,20.02.22.
CNTS_200000000008040,주여진,나만알고싶은 아름다운곳,kakao,5,19.11.02.
CNTS_200000000008027,ㅇㅙ,생각보다 볼거리가 많음. 거의 골동품 정도로 오래된 물건이 많았다. 옷보다는 악세사리와 소품샵이다.,kakao,4,23.01.02.
CNTS_200000000008027,별별탐험중,겨우겨우 찾아 간 곳. 가격대가 많이 비싸긴하더라구요.. 빈티지를 잘 알아도 비싸다고 느낄정도.. 그래도 인테리어가 역시나 너무 예쁘고 볼것들이 많아 좋었어요,kakao,4,22.10.10.
CNTS_200000000008027,Nver-rating-is-fake,"Cool interior, 2nd/3rd fl for vintage items. First floor is gemstone-related jewelry. good to casually browsing.",kakao,4,22.07.21.
CNTS_200000000008027,풍경소리,"사장님 친절하시고, 건물 외관부터 독특합니다. 오래된 시계와 조명, 도자기 문고리가 사고 싶었으나 비싸기도 하고.. 조명은 부피가 커서 보기만하다 왔어요. 18세기 물건도 있다고 하니 취향이신 분은 방문해보세요.",kakao,4,22.07.04.
CNTS_200000000008027,beaucoupderiz,"조금 아쉬움.. 너무나 빈티지스럽고,,매니아면 모르겠는데 3층을 10분도 안되서 구경 다 하고 나옴호불호 있을 듯",kakao,2,22.06.30.
CNTS_200000000008027,ㅇㅇ,10/7 왔는데 가게가 비워져있네요 폐업한 듯 합니다,kakao,3,21.10.07.
CNTS_200000000008027,JJ,지난 여름휴가때 이 곳에서 집사람이 좋아하는 스타일 이지만 우리나라에서는 쉽게 보기 어려운 스타일(인도/태국)의 옷(가디건)이 있어서 구매했어요. 집사람도 만족하고 그런 모습 지켜보는 저도 좋네요. 다음에 언제가 될지 모르지만 또 제주에 가게되면 꼭 다시 가보자고 이야기 나눴어요. 오래오래 장사해주세요~^^,kakao,5,21.08.25.
CNTS_200000000008027,Hw,마니아층이 아니면 가격이 전반적으로 비싸서 비추합니다^^볼만해요~~인테리어 예뻐요!^^,kakao,2,21.08.08.
CNTS_200000000008027,토박이,옷 구경하고 있는데 사장님인지 여자분 다가오셔서 하는말 ㅋ 그쪽은 비싼데 .. ^^ 너무 충격적이어서 다시는 안갑니다 옷 구경도 못하고 비싼옷은 ㅋㅋ 저희가 보면 안되는 건가요 ?? 지나갈때마다 그 분 목소리 표정 이 생각나서 정말 기분 안좋아요사람 겉모습만보고 판단 하시지 않으셨으면 좋겠네요 ^^,kakao,1,21.06.22.
CNTS_200000000008027,🌷, ,kakao,5,21.02.25.
CNTS_200000000008027,니니,구경하기 좋음. 소품샵도 있고 기념품 가게도 있어서 한번 둘러볼만해요~,kakao,3,20.12.18.
CNTS_200000000008027,현블리,물건에 맞는 가격이아님 ..분위기에 취해 사버릴수가있음,kakao,1,20.10.13.
CNTS_200000000008027,메소밀,"구경하는 재미가 쏠쏠했어요 ! 대신 가격은 ,,,",kakao,4,20.07.16.
CNTS_200000000008027,ㅇ ㅡ ㅇ,엄청 기대했는데 걍 뭐..,kakao,1,20.07.03.
CNTS_200000000008027,ㄷㅇ,신기한 물건 많아서 구경하기엔 좋았으나너무 낯선 물건들이 많고 가격대가 높아서 정작 구매로까진 이어지지않음,kakao,3,20.03.11.
CNTS_200000000008027,권대,넘나 비싸요.. 정말 비싸요...,kakao,1,19.09.13.
CNTS_200000000008027,myks,20190727 제주도 여름휴가,kakao,3,19.07.27.
CNTS_200000000008027,김치찌개, ,kakao,5,18.04.25.
CNTS_000000000022699,#딸기맛농약,설명을 듣지 않으면 여타 인센스 샵과 다른 건 없어 보여요.창고 건물과 밭뷰는. 제주스러워요사장님은 친절 하신거 같습니다.,kakao,2,23.01.13.
CNTS_000000000022699,황다람쥐,온갖 향과 관련된 물건이 가득한 곳. 공간 자체만으로도 멋과 매력이 있어요. 흙향 인센스 스틱과 사장님 친구분이 런칭하셨다는 브랜드 ondo의 ‘i am calm’ 스프레이를 샀는데 여행의 친구가 되고 있습니다-,kakao,5,22.10.26.
CNTS_000000000022699,장영주,여기를 왜들 다들 그렇게 추천하지..? 사장님 설명없이는 뭐가 뭔지 알수가 없어요ㅠ…인센스 전문샵이라고 생각하시면 됩니다…저희 갔을 땐 다른 손님들 설명해주고 계셔서 그냥 구경만 하고 왔어요. 인센스 좋아하시면 괜찮은데 굳이 찾아갈 정돈 아니에요. 굉장히 외딴 언덕 속에 있어서 찾기가 조금 어려웠어요,kakao,2,22.03.06.
CNTS_000000000022699,💙,기대가 컷는데.. 도데체뭘사야할지 모르겠는..너무어려워요..,kakao,3,22.02.14.
CNTS_000000000022699,xn,향기가 가득한 감성적인 공간,kakao,5,22.02.12.
CNTS_000000000022699,j,오픈일정만 잘 보고 가면 되는데..사장님 넘 친절하시고 짐 많은거 보시고 조금 샀는데 큰 비닐 주셔서 한번에 담으라고 하심 ㅠㅠ 감동향 너무 좋은데 담에 선물할일 생기면 꼭 올거,kakao,5,21.11.28.
CNTS_000000000022699,념념,문닫는 날이였는데 사장님의 일정(?) 덕분에 들릴수 있게 되서 너무 좋았음! 인센스 스틱이나 향을 좋아하는 사람은 추천추천. 제주를 모티브로 한 향수 제품을 구매할수 있어서 좋았음.,kakao,5,21.11.22.
CNTS_000000000022699,ㄱㅅㅃ,향에 관심 많으신 분들께 추천합니다,kakao,4,21.11.16.
CNTS_000000000022699,이진기, ,kakao,5,21.06.15.
CNTS_000000000022699,beaucoupderiz,인센스 끝판왕근데 너어어어무 비싸서 못삼,kakao,3,21.05.30.
CNTS_000000000022699,🥶🌝,인스타 공지를 꼭 확인하시고 가세요.. 무작정갔더니 휴무...,kakao,5,21.04.14.
CNTS_000000000022699,뫄,두번방문했고 향수가 맘에 들어서 첨에 5ml샀다가 큰거 사러 다시 갔네요. 해외향수인줄 알았는데 제주도 오름을 모티브로 만든 향수더라구요 포장도 예쁘고 향도 만족중입니다:)가격도 괜찮구요. 컵도 하나 샀는데 엄청 애용중이고 커피도 맛있다는 후기보고 샀는데 나쁘지 않아서 잘 마시고있어요. 인센스 종류가 엄청 많은데 다른 곳과는 달리 첨보는 종류?가 많았고 일본것도 있고 그래서 특이했네요. 근데 가격은 좀 확실히 나갑니다. 그래도 가격 괜찮은 애들도 꽤 있고 저는 몇개 정말 잘 사서 쓰는 중이라 세번째 방문도 할거 같아요,kakao,5,21.02.11.
CNTS_000000000022699,졔,"문이닫혀잇어서 평가할게없아요,,휴무일보고 아닌날갔는데도 닫혀있어여,,ㅎ",kakao,2,20.10.27.
CNTS_000000000022699,카카모라,이름부터 달리’센트’ 인데 뭘 파는지 모르겠다 별거 없다는 분들이 좀 신기하네요. 향나는 것들 다 팔아요. 인센스 스틱 여러종류와 향낭 코롱 등등. 전시해놓은것도 예쁘고 감각적인것 같아요. 리마인더 코롱 샀는데 향도 좋고 포장도 너무 예쁩니다. 자주 쓸거같아요.,kakao,5,20.10.10.
CNTS_000000000022699,ㅇ,"찾기도 힘들고 간판도 없어요. 찾은 고생에 비해서 파는 것도 너무 없어요,,,그리고 가격도 너무 비싸요",kakao,1,20.09.25.
CNTS_000000000022699,라라, ,kakao,5,20.09.20.
CNTS_000000000022699,귀니, ,kakao,5,20.06.28.
CNTS_000000000022699,page,인스타그램 보고 시간 확인하셔서 방문하세요.감각적인 기념품이 많아요. 개인적으로 좋아하는 취향이라 좋았습니다. 사장님도 뭔가 쿨내나고 멋있으세요. 제작 성냥갑 예뻐요 !,kakao,5,20.01.26.
CNTS_000000000022699,잔잔,며칠전부터 인스타로 일정 계속 확인하고 날짜 맞춰서 갔는데 닫혀있어서 다시 확인해보니깐 몇시간전에 오픈일 수정하셨더라구요..오랜시간 걸려서 갔는데 다시는 방문할일 없을거같아요,kakao,1,19.12.09.
CNTS_000000000022699,준,독특한 분위기가 마음에 든다. 제법 귀여운 소픔들도 많다.,kakao,5,19.07.20.
CNTS_000000000022699,LEEHYUNJIN,수요일오후두시인데 문닫은듯.멀찍이 주차하고 산책겸 걸어갔는데 문닫히고 텅빔.,kakao,1,18.12.19.
CONT_000000000500714,بدرية,손님이 많지 않아 오전6시부터 오후1시까지만 연다고 하네요. 너무 늦게 가서 파장 중이었습니다. 그래도 드라마에 나왔던 가게 모습들이 그대로 눈앞에 재현되는 것 같아 좋았어요. 많이들 찾아주셨으면 합니다. 감귤은 시장 앞에서 사지 마시고 안쪽으로 들어와서 1킬로에 5천원 주고 사 가세요.,kakao,5,22.07.24.
CONT_000000000500714,5점맨,내가 봤을때 오일장 열리는 날짜도 모르는 날에 와서 별점테러하고 악플다는 사람들은 속히 병원에 가봐야 하지 않을까 싶다,kakao,5,22.05.29.
CONT_000000000500714,뚱보,2022년 5월 8일 후기.....불이 다 꺼져있어서 근처 어머님께 여쩌보니 5일장이라고 하네요4일 9일 14일 이런식으로 오픈을 한다고 하니저처럼 헛걸음 안하게 오시는게 좋을듯 합니다,kakao,2,22.05.08.
CONT_000000000500714,Lucy 유경미,별로,kakao,2,21.06.26.
CONT_000000000500714,땅콩마덜,반건조 생물 구매했고 아이스팩을 넣지 않고 택배 배송하여 상했습니다. 지금까지 장사하며 상한 적 없다고 큰소리 내시는 할머니. 덕분에 제주시장자체에 실망했네요. 고성시장은 상인회가 없는 건가요? 관리가 너무 안되네요.,kakao,1,21.04.11.
CONT_000000000500714,nina,"큰 시장 생각하고 가시면 안되고 시골마을 장이라고 생각하시면 될거같아요. 수면바지, 고무줄바지 등등 저렴하게 5000원에 판매하고 계셔서 구매했습니다. 과일도 저렴하고 도라지청, 모종, 각종 밭에서 심을 수 있는 씨앗도 판매하시고 먹거리는 뻥튀기, 떡볶이, 붕어빵도 있었어요. 다들 친절하시고 정감있고 좋았어요~ 오늘은 마스크랑 마스크 줄을 무료로 나눠주셨는데 요긴하게 잘 사용하고 있습니다~",kakao,5,20.11.04.
CONT_000000000500714,노원아빠,혼저도 말고 갈거없서예.,kakao,1,20.10.10.
CONT_000000000500714,루, ,kakao,3,20.08.25.
CONT_000000000500714,나,3시 쫌 안되서 갔는데 파장이네요. 작은시장인건 알고 있었는데 문 닫는시간이 너무 빨라요.,kakao,2,20.07.29.
CONT_000000000500714,훈훈,2시면 문닫아용,kakao,3,19.07.01.
CONT_000000000500714,윤승일,시흥리에서 한달살이 중 2번정도 갔는데 대부분 인근 하나로마트보다 더 비싸고 품질 안 좋음.,kakao,2,19.06.28.
CONT_000000000500714,카카맵초,4.9일,kakao,3,19.03.02.
CONT_000000000500758,이현호, ,kakao,1,21.08.28.
CONT_000000000500758,이대로,시장이 왜 인기가 없는가를 증명하는 곳이다.'맛 없으면 돈 안받는다고  맛있다'는 읍소(?)문구가 난잡하게 젹혀있는 식당...음식맛은고사하고 시장바닥같이 지저분하다.억지로 먹은 음식이  생각할수록 역겹다,kakao,1,19.07.23.
CONT_000000000500758,.,시장음식 이것저것 사먹고 싶었는데 규모도 엄청작고 문제는 사먹을게 없어요...사람도 없고 근처에 업소있고 대낮에 술마신 아저씨들이 돌아다니시고 무서웠네요,kakao,1,18.10.04.
CNTS_200000000014102,MJay Ko 고 민정,As a Gift,kakao,5,22.12.23.
CNTS_200000000014102,HoneyR,"차게 먹은 오메기술, 얼음 하나 띄워 먹은 고소리술, 둘 다 별 다섯개.",kakao,5,22.06.24.
CNTS_200000000014102,징ㅇ,시음도 가능하고 친절하셔서 너무 좋았음오메기술 존맛탱구리임.. 강추강추,kakao,5,21.11.29.
CNTS_200000000014102,그린그린,주류박람회에서 먹어본 술이 너무 맛있다하여 제주 온 김에 직접 찾아가 봄. 정원도 너무 예쁘고 시음도 무료로 해볼 수 있어요! 쉰다리라고 발효한 음료도 주셨는데 너무 맛있음! 야큐르트맛!!,kakao,5,21.07.27.
CNTS_200000000014102,영몽,"길 가다가 발견해 우연히 들르게 되었는데, 우선 정원이고 한옥이고 너무 예쁘다. 시음도 가능해서 시음하고 오메기 술을 샀는데 존맛탱 그날 밤 숙소에서 다 먹어버렸다... 기사 속 술 장인께서 풀숲에서 잡초를 메고 계신다. 오오...",kakao,5,20.07.08.
CNTS_200000000014102,sujin kim,전통술 시음했어요~  안주로 나온 고사리가 진짜 맛있었어요!! 술도 깔끔한맛이었구 여기서만 마실수있는 특별함까지! 한옥도 멋지고 다음에 또 가고싶네요 ㅎㅎ,kakao,5,19.10.23.
CNTS_200000000014102,우암,전통방식으로 고소리 술을 내리는 멋진 곳.  한번 들러 보세요,kakao,5,18.07.08.
CONT_000000000500732,쇼,소영이네 식당 유튜브 보고 갔는데 순대국밥 맛집딴것도 맛있음,kakao,5,22.08.24.
CONT_000000000500732,김종오,크게 볼건 없지만. 입구에 있는 순대 족발집에서 꼭 포장해서 맛보길. 순대는 찹쌀이라 맛나고. 족발류는 서비스로 부속고기 하나를 선택할 수 있음.,kakao,2,22.08.10.
CONT_000000000500732,G5,전통시장 치고는 가격이 좀 비싸네요.,kakao,3,22.06.15.
CONT_000000000500732,다디달다,제주시 오일장이 더 종류도 많고 볼거리도 많은 듯 해요그래도 제주도 마을오일장???보다는 큽니다,kakao,3,22.04.14.
CONT_000000000500732,낡은차,"저라면 이곳에서 상품을 구입하지 않겠습니다.모든 장터의 상인들이 하나같이 돈에만 눈이⃕ 어두운 장사아치 양아치들이 아주 많습니다.모든 상품이 대부분 가격은 터무니 없이 비싸고요,딱새우를 샀는데 안에 살이 푸석?해서 먹을 수 없는 걸 팔았습니다.요리하느라 시간들이고 공들였는데요,먹을 수 없어서 버리느라 또 짜증이 많이⃕ 났습니다.절대로 가지 마시고요, 차라리 서귀포 올레시장이 그나마? 조금 낫습니다.",kakao,1,22.03.04.
CONT_000000000500732,ᆞi♥solᆞ,"여행 마지막 날 들렸는데 지역주민들 많으시더라구요.주차장에서 들어오는 입구쪽에서 떡볶이, 순대, 어묵, 튀김 먹었는데 제 입맛은 아니었습니다.고추튀김 그나마 괜찮고..   짧게 들려볼만은 해요.",kakao,4,21.09.27.
CONT_000000000500732,grace,4일 9일 운영,kakao,5,21.08.18.
CONT_000000000500732,뱃살기행,생각보다 커요. 해산물이 많지는 않지만 재미있네요,kakao,4,21.06.07.
CONT_000000000500732,낮잠,오일장엔 어디든 호떡이 있네요 호떡 맛있어...물가는 결코 싸지않은 것 같은데시장에만 파는 것들이 많아서 보는 재미가 있어요,kakao,4,21.05.19.
CONT_000000000500732,Lykke,"아날로그 시장을 가고 싶어 향토시장으로 왔는데 딱 좋았어요, 오일장이라 외국시장처럼 가판으로 해놓고 팔고 물가도 저렴하구요.주로 군것질거리 사먹고 간단히 장봤는데 흙당근도 향긋하고 신선, 달달하고 구매한 반찬도 맛있어서 기분좋았습니다. 비가림 꼬마귤도 1kg 오천원! 근데 덤으로 4분의 1이나 더 주심ㅎㅎ인심최고식사는 중국집에서 먹었는데 돼지고기를 아끼지 않아서 좋았어요b 탕수육도 튀김옷은 엄청 얇고 다 고기에요! 굿",kakao,5,21.02.23.
CONT_000000000500732,kaka,그나마 올레시장보다 좀더 아나로그한 곳입니다. 친절하지도 좋은 것들이 있는 곳도 아닙니다. 점점 사라져가는 시골 장터의 느낌이 조금 남아서 명맥을 유지하는 곳입니다.,kakao,3,19.04.30.
CONT_000000000500732,카카맵초,4.9일,kakao,3,19.03.02.
CONT_000000000500732,지역가이드,물품 구매를 원한다면 시장내 여러곳을 비교 돌아본후 구매하세요.이곳도 예전과 다르게 관광객이 많이 찾는 이유로 아주 저렴하거나 믿고 물건을 구매하기는...미안하지만 원산지표기 없이 할머니들이 판매하는 물품들..조심하세요..특히 고사리 !!!  제주도...비싼 물가에...관광객들은 돈으로만 봅니다...아쉽게도...그외는 구경하며 맛보는것도 좋아요.,kakao,3,18.10.19.
CONT_000000000500732,솔시내, ,kakao,5,18.06.19.
CONT_000000000500732,바람의아들,제주도오일장은크고작음에차이가있을뿐시장의풍경은별반차이가없는듯하다...,kakao,4,17.10.09.
CNTS_000000000021009,내맘속별다섯,제주를 주제로 한 작가들의 독립출판물이 많아 보였고 그 중 제본이 독특한 제주살이 경험 책을 샀습니다. 여기서 산 작은 빨강 에코백은 조그만 책 사이즈로 가방에 쏙 넣어 유용하게 잘 쓰고 있습니다. 작고 소중하고 귀한 책방.,kakao,5,22.06.29.
CNTS_000000000021009,ㅃ,11시에 갔다가 헛걸음 했어요.오픈 시간 12시라고 합니다.,kakao,2,22.03.03.
CNTS_000000000021009,^^,좋은 장소입니다. ♡,kakao,5,21.07.14.
CNTS_000000000021009,.,분위기가 정말 좋고 굿즈들도 다 예뻐요.,kakao,5,21.03.27.
CNTS_000000000021009,a,소소하고 마음이 따뜻해요,kakao,5,21.02.05.
CNTS_000000000021009,bubble, ,kakao,5,20.11.29.
CNTS_000000000021009,장미,별 새로울 것도 없고 문화적으로 소외된 제주도에서 뭔가 튀고 싶어서?,kakao,1,20.02.28.
CNTS_000000000021009,주니토리,분위기가 참 좋아요^^,kakao,5,20.01.25.
CNTS_000000000021009,gilchi,꼭 들러보세요,kakao,4,18.01.16.
CNTS_000000000021009,프로평가조류,제주엔 서점이 많군요독립출판물 위주,kakao,5,17.11.19.
CONT_000000000500724,패무토,여기 입구쪽 떡집이 아주 괜찮음 하지만 두번째가게를갔는데 들어가자마자 왜왔냐고하길래 무서워서 나옴,kakao,3,23.02.01.
CONT_000000000500724,검은콩,구경할만한건 없어요그냥 작은 동네시장,kakao,4,22.09.17.
CONT_000000000500724,capri,반찬가게 김치랑 맛있네요. 귤아주망은 갈때마다 몇번씩 만감류 사는데 가격도 다른데보다 착하고 맛있어요. 시장초입에 채소가게에서 완전 일찍 바베큐재료 사는데 하나씩 낱개로 잘 구매했습니다. 진짜 작지만 좋은시장. 아침엔 7시면 문 다 여시더라구요,kakao,5,22.05.01.
CONT_000000000500724,파평윤가~♡,리뷰를 남기지 아니할수가 없네용'순화김치' 맛있는 오이양파무침을 비롯한 신선한 반찬이 숙소를 급 리조트로변경해서 햇반을 먹게하네요'생도너츠' '찹살도너츠' 직접 만들어 파시는 할머님. 더욱 건강하셔서 만수무강하시구요'부성횟집' 신선하고 저렴한 방어회 감사합니다친절한 '대정월마트' 직원분들도 감사합니다고향 장에서도 느끼지못한 아날로그 시골장덕분에 저녁잘먹고 행복하겠습니다바로튀긴 생도너츠 더 사올껄 후회합니당ㅈㅈㅈ,kakao,5,22.02.04.
CONT_000000000500724,아름다운산행, ,kakao,1,21.09.22.
CONT_000000000500724,SathiyarajSrinivasan, ,kakao,5,21.06.08.
CONT_000000000500724,쩝쩝박사,짧아서 아쉬워요,kakao,2,21.03.11.
CONT_000000000500724,박해숙, ,kakao,3,20.10.04.
CONT_000000000500724,ㄱ 고햄,시장은 그냥 다좋음,kakao,5,20.08.17.
CONT_000000000500724,재채기,여행자분들 여기에 아무것도 없으니 가지마세요. 시장이라고 다 크다고 생각하면 오산 시장이 더큼!저처럼 헛걸음 하지 말라고 써놓아요!,kakao,1,19.05.19.
CNTS_200000000007208,정소희, ,kakao,5,22.08.22.
CNTS_200000000007208,사실,사실만을 남기는 사람입니다.너무 유쾌하게 잘 찍고 갑니다.다들 자연스럽게 웃는 이유가 있네요 ㅎㅎ,kakao,5,22.03.27.
CNTS_200000000007208,진주싸람,행복한 시간 보내고 갑니다^^,kakao,5,21.12.23.
CNTS_200000000007208,오카쌤,가족들과 추억 남기기 프로젝트 수행하러 갔었어요. 자연스럽게 웃는 모습을 잘 유도해주셔서 가족들 모두 재미나게 사진을 찍었어요. 전 맘에 드는 사진들이 많아서 고르는데 좀 애를 먹었죠. 추가 세장 더!내년에는 의상 컨셉을 정해서 가기로 했어요~^^두분이서 하시던데 두분 다 친절하고 좋았습니다. 지인의 가족사진을 보고 냉큼 예약을 했더랬죠. 제 지인들에게도 막 추천하고 있네요^^,kakao,5,21.10.06.
CNTS_200000000007208,ㅂ,"저는 즐겁게 찍다가 왔습니다. 작가님이 개성이 강하시지만, 좋은 사진 남겨주시려고 노력하신다고 생각하네요. 가격대비 좋아요.",kakao,5,20.07.04.
CNTS_200000000007208,전소정,저번에 갔을때 촬영했는데 남자포토분이 너무 불친절해서 놀랐어요 ㅋㅋ 약간 똥고집..?있으신듯.. 저희끼리 앞에 3명 앉고 뒤에2명서있는걸로 찍으려고 했는데 굳이 뒤에는 한명만 서야한다고 승질을....;; 친구들이랑 모두 당황해서 그냥 요구하신대로 찍어드렸네요 ㅋ 어휴진짜 그날 제 생일이였는데 기분더러웠어요 ^___^,kakao,1,20.05.04.
CNTS_200000000007208,꿈틀이,1.한장에 오천원 맞구요.2.기본4장 찍어야해서  2만원이에요. 3.사진은 딱 그수준 이에요.4.안내해주는 여성분 친절하구요.5.사진찍어주는 남성분은 별로에요. 6.결론은 제주도에는 다른사진관도 많아요.  비추 꽝,kakao,1,20.03.14.
CNTS_200000000012177,^^!,보통..,kakao,2,23.01.14.
CNTS_200000000012177,Kaori, ,kakao,5,22.10.03.
CNTS_200000000012177,z,여기 김밥집 고기김밥 너무 맛있음,kakao,5,21.01.25.
CNTS_200000000012177,.,맛난가게많음  이라 생각했지만 .. 글쎄,kakao,5,18.10.23.
CONT_000000000500731,조조,사람 너무 많고 시끄러움,kakao,1,23.02.03.
CONT_000000000500731,.,꿀팁 알려드릴게요 시장에서 뭐 사먹을 계획이라면 마트나 편의점에서 종량제 제일 작은거 사서 먹고 난 쓰레기는 거기 담아서 시장 바깥쪽 클린하우스에 버리거나 아님 시장 안에서 구매하고 먹은 건 가게에 다시 돌려 주시면 됩니다 관광객들이 이곳 저곳에서 쓰레기 들고와서 시장안에 버리는 경우가 많아 시장안에 쓰레기통이 따로 없거든요 괜히 다른 쓰레기 엄한가게 가서 버려달라 했다가 빠꾸당해서 기분 상하지 마시고 여행할때 종량제 하나씩들 챙겨 다니셔요~,kakao,5,23.01.25.
CONT_000000000500731,승규,진짜 쩐다 고딩어 회!!! 가격도 언빌리버블 맛은 말해뭐해,kakao,5,23.01.22.
CONT_000000000500731,쌍득,평범해요 숙소가 근처면 가볼만해요 먹거리 많고 기념품 초콜릿 파는 곳도 많아서 포장해서 숙소에서 먹을 정도라고 생각해요.,kakao,3,23.01.20.
CONT_000000000500731,한짱구,한림시장이 더 볼게 많은것 같아요16시 기준,kakao,4,23.01.18.
CONT_000000000500731,최재혁, ,kakao,3,23.01.16.
CONT_000000000500731,레인,이번 여행을 통해다시는 가고 싶지 않은 곳이 되었습니다.다른 곳에 비해 훨씬 비싸거나싸면 오래된 과일을 파는 곳.긴 줄에 기대하며 간식거리를 사지만안타까움만 남는 곳.친절 대신 배짱만 남아있는 곳.현재의 벌이를 위해미래를 버리는 상행위는 없어졌으면 합니다.,kakao,1,23.01.14.
CONT_000000000500731,이민석,4거리ㅇㄹ 소세지카츠인가? 그냥 뭔맛인지 잘 모르겠음 튀김옷 다 벗겨지고 튀겨주는데 속은 미지근하고 주문 받는데 노래소리 때문에 몇번을 물어보는지 그럴꺼면 노래를 끄던지ㅋㅋㅋㅋ,kakao,2,23.01.13.
CONT_000000000500731,날아봐소고기ㅑ,시장 안에 부스는 맛있는데 야시장에 있는 부스는 노맛,kakao,4,23.01.09.
CONT_000000000500731,지수,동문시장까지 가긴 멀어서 갔는데 동문시장보다 훨씬 좋음천혜향 주스가 젤 맛있음 청귤이랑 한라봉 별로,kakao,5,23.01.04.
CONT_000000000500731,李 勝 浩,다시 가고싶다,kakao,5,22.12.31.
CONT_000000000500731,윤스, ,kakao,5,22.12.30.
CONT_000000000500731,한서준,"대체적으로 친절하고 , 굉장히 많은 점포수를 보유하고있습니다. 한 21시까지는 하는거같구요.다만 야시장 음식은 9천원이 기본 시작이며 , 서울이나 다른 지방 시장의 .5 ,  .7 배는 비싼거같아요 제주도라 그러려니 하려다가도 너무 비싸서 놀라는 느낌?!",kakao,4,22.12.29.
CONT_000000000500731,카카카캬카카카,인스타 홍보에 속아 오는 사람들이 대부분일거같으며 역해서 못 먹는 음식들이 대부분이라 거의 다 버림깡통xx 이라는곳은 그나마 먹을만했음다음에 오면 여기 시장은 절대 안온다,kakao,1,22.12.29.
CONT_000000000500731,Transport trip,"몇몇 야시장을 다녀봤지만 사람이 가장 많은 것 같아요. 그만큼 여러 가지 판매하고 있고 골라 먹는 재미도 있어서 오늘 저녁 어떤 걸 먹을까 고민된다면 이곳을 추천합니다. 곳곳에 앉아서 먹을 수 있는 곳도 있습니다. 다만, 사람이 많아서 복잡하고 주차장까지 들어가는 길도 사람들이 많아서 조심해야 합니다.",kakao,5,22.12.17.
CONT_000000000500731,금치,"서귀포에 숙소 잡으셨다면 꼭 한 번 들려볼만 합니다! 돌아다니면서 간식으로 귤 탕후루, 딱새우 찜 먹었는데 기대 이상이였어요. 탕후루를 처음 먹어봐서 차가운 음식인지 몰랐는데 이 정말 시립니다. 주의하세요! 그치만 맛은 좋습니다. 딱새우는 15마리 2만원 줬던 거 같아요. 크기는 제각각 이였지만 새우 자체가 너무 달달하여 맛있게 먹었습니다.",kakao,4,22.12.05.
CONT_000000000500731,차금주, ,kakao,1,22.12.05.
CONT_000000000500731,허성훈,와 진짜 찐 로컬푸드 길거리 음식입니다.먹자마자 배에 까스가 파바박!자다가 1시간에 1번씩 화장실을 파바박!할머니네 떡집의 귤찹쌀떡 외에는 가지마세요.지금 죽을 것 같네여,kakao,1,22.12.04.
CONT_000000000500731,김경배, ,kakao,4,22.12.03.
CONT_000000000500731,워커,야시장에다가 쓰레기를 전부버려야 하는건지;다른곳은 수거를 안하는 듯 싶네요미안해서 야시장에서도 사먹느라 배터지는줄,kakao,5,22.11.28.
CONT_000000000500731,맛집만 가는 사람,제주도를 너무 많이 가서 그런가 막상 가면 살게 없음그래도 제주도 오면 거의 가는 곳대방어 샀더니 갈치회 서비스로 주심,kakao,3,22.11.27.
CONT_000000000500731,타니코리, ,kakao,4,22.11.23.
CONT_000000000500731,., ,kakao,5,22.11.17.
CONT_000000000500731,팅가김,"주차타워가 있어서 주차공간을 찾기위해 애쓰지 않아 좋았어요. 모듬회(2만)와 딱새우회(1만), 멍게회(1만) 사서 숙소에서 먹었는데 5명서 식사전 적당히 먹을 양이었어요. 상추, 초고추장, 와사비, 간장, 나무젓가락까지 다 주셔서 편했어요.",kakao,4,22.11.09.
CONT_000000000500731,잡수세요,"회는개인적으로 동문시장보다 여기가 더 저렴하고 싱싱합니다.사진속 활어회 , 해산물 각 2만원. 딱새우회 1만원입니다.회진짜꼬소해요 ㅠㅠ 육지사람인데 육지오니 여기회 퍼석퍼석해서 못먹겠어요.......",kakao,5,22.11.01.
CONT_000000000500731,검은콩,평일 낮에가서 그런지 한가하고 재밌네요다른 제주 전통시장과 달리 관광객대상인 시장,kakao,4,22.10.27.
CONT_000000000500731,현기,먹어본 회중에 최악임 명인회집인지 달인횟집인지 시장 중앙 끝에서 모듬 3만5천짜리랑 딱세우 2만원짜리 먹었는데 광어 방어 고등어 푸석하고 물빠져서 세상살다 숭어회가 맛있게 느껴져보긴 처음임,kakao,1,22.10.25.
CONT_000000000500731,떡볶이가젤조하,"하절기, 동절기 시간 안내되어 있는거랑 달라요!일찍 문닫는 줄 알고 첫날 방문 안했는데 둘째날 방문해보니 늦게까지 장사하네요,,ㅎㅎ 방문하실 곳 전화해서 시간 물어보시거나 밤 10시 전이면 그냥 방문하세요~~",kakao,3,22.10.24.
CONT_000000000500731,MBK, ,kakao,4,22.10.19.
CONT_000000000500731,해인,쑥찐빵이랑 할머니떡집 떡 맛있네용ㅋ,kakao,5,22.10.13.
CONT_000000000500731,팩,네거리올레 흑돼지카츠... 전체적으로 퍽퍽하고 재료의 맛들이 하나도 느껴지지 않고 아무쪼록 무슨 맛인지 모르겠어요.. 너무너무 실망스러워요. 다음 손님을 위해 남겨봅니다....,kakao,2,22.10.13.
CONT_000000000500731,바른믿음,"가격 저렴한 맛집과 명소가 많은 곳,꼭 들러야 할 곳이기에 사람이 많고 주차가 매우 번잡하지만 느긋한 마음으로 사람 많을 시간을 피해서 간다면 볼거리, 먹을거리, 많을 듯.회도 저렴하고, 채소나 먹거리 추천.홍대, 대학로 젊은 아이들이 여기로 다 왔나 싶을 정도로 북적대는 곳.",kakao,3,22.10.12.
CONT_000000000500731,ㅅㅇ,볼께 많고요!다 맛있었는데 특히! 깡통화덕의 한라산 흑돼지 넘 맛있습니다!!!! 꼭 가세요!!,kakao,5,22.10.10.
CONT_000000000500731,난나,"볼 것도 많고 살 것도 다른 시장에 비해 약간 저렴합니다. 잘 찾아보시면요, 동문에서 멍게 15000이면 여긴 10000하는데도 있어요. 저녁에 펜션 장보기 좋아요. 붐비니 미리 가서 공용주차장 이용하세요.",kakao,4,22.10.05.
CONT_000000000500731,flow,"올래시장에서 통닭, 모닥치기오메기떡으로 저녁 해결ㅎㅎ",kakao,5,22.10.02.
CONT_000000000500731,ㅎㅎ,관광지의 술집 너낌! 전국 어디나 있는!!,kakao,2,22.09.30.
CONT_000000000500731,참이슬,야시장이 상당히 번잡하고 사람들이 몰리는가게만 인파가 몰림. 하지만 서귀포에 왔다면 꼭 가보아야할 장소라고 생각함,kakao,4,22.09.29.
CONT_000000000500731,lavenderdonkey,nothing much on Monday 9+ pm . things more expensive for example the orange juice drink is 1.5 to 2 times more expensive than the ones at dongmun market,kakao,3,22.09.20.
CONT_000000000500731,T,관광상풍만 파는 느낌,kakao,2,22.09.17.
CONT_000000000500731,동기, ,kakao,5,22.09.14.
CONT_000000000500731,쏭느, ,kakao,1,22.08.31.
CONT_000000000500731,무화과딸기쨈,"마농토스트, 마농치킨이랑 감귤빼고 모든 시장, 야시장음식 양 질 가격 다 밑바닥이에요ㅎㅎ 절대 가지마세요! 차라리 그 돈으로 흑돼지 1인분 더 시켜드세요~ 사진속 시장음식들 9,900원으로 통일해서 저따위 퀄을 관광객에게 비싸게 팔아먹어요 줄서있길래 먹었다가 여행와서 진심으로 화났어요 제 리뷰들 보면 정말 좋은 것만 쓰는 편인데 이건 아닌 것 같아 남겨요 시장에서는 하우스감귤, 마농토스트, 마농치킨 정도만 구매하시고 나머지는 빨리 없어지게 지나쳐주세요 관광객과 특히 외국인에게 너무 부끄러운 관광지 음식들입니다",kakao,1,22.08.30.
CONT_000000000500731,네추럴박,브이로그가 만든 환상..,kakao,1,22.08.25.
CONT_000000000500731,뷰뷰,동문시장이 더 나은듯,kakao,3,22.08.24.
CONT_000000000500731,나는 문어,주차하기 너무 힘들다,kakao,3,22.08.14.
CONT_000000000500731,먹방일기,올레 야시장이 따로 있던데  옛날노래 크게 틀어줘서 좋긴하지만시장안 천막아래에서 조리를 하다보니 너무 덥습니다.안에는 앉는 자리가 있지만 선풍기2대 앞쪽으로만 있으니 앞에 앉으시는게 근데 선풍기 앞에서 땀말리시는분들 있으니 주의 ^^음식은 짬뽕탕  스테이크  가리비구이  먹어보았는데가리비구이는 가리비가 너무작아서 맛도 안느껴지고..그나마 짬뽕탕이 괜찮았습니다 해물이 많아서 시원해욥시장내에  ㄷ흑돼지팽이버섯 꼬치 있는데 너무 질겨요 참고..,kakao,4,22.08.12.
CONT_000000000500731,백,어디서 고기국수를 먹었는데 어딘지는 기억이 안 남…암튼 볼거리도 많고 선물 사갈 것도 많고 맛있는 것도 많아서 좋았음! 옆에 있는 야시장도 좋았음~~근데 그렇게 늦게까지는 안 해서 아쉽다,kakao,4,22.08.11.
CONT_000000000500731,내빛,그냥 일반적인 시장먹거리 많이 파는데 전체적으로 맛이 아쉽다.특히 돈카츠파는데 말이 돈카츠지 고기말이 김밥튀김...이걸 만원이나 받는게 믿기지 않는다,kakao,2,22.08.10.
CONT_000000000500731,겨울,기념품 가게도 많고 먹거리는 많아 보였는데 너무 관광객화 돼서 비싸고 맛도 다른데서 먹을 수 있는 맛들이였어요ㅜㅜ 올레시장보다 다른 시장이 낫네용,kakao,3,22.07.29.
CONT_000000000500731,사랑짱,생각보다 넓고  맛난 먹거리가 많았어요.버스정류장과도 가깝고요.,kakao,5,22.07.24.
CONT_000000000500731,백향목,먹거리가 많아서 좋아요,kakao,5,22.07.24.
CONT_000000000500731,인간들,먹을것도 많고 좋습니다,kakao,5,22.07.17.
CONT_000000000500731,C,여기서만 먹을수 있는 각종 맛있는 먹거리들이 즐비. 서귀포오면 필수코스,kakao,5,22.07.13.
CONT_000000000500731,guri,이것 저것 사기에는 가게도 많고 좋은데 너무 일찍가니깐 문을 많이 안열었어요~,kakao,5,22.07.12.
CONT_000000000500731,붉은살,맨안쪽라인 할머니떡집 맛있고 그쯤에 있는 족발집 완전 굿잡.시장입구에 근례에 생긴 야시장분위기 요리보단 역시 오래된집이 맛나긴하네요,kakao,5,22.07.04.
CONT_000000000500731,해풍,생각보다 시장도 작고 살 게 없었다,kakao,2,22.07.03.
CONT_000000000500731,개구연이의 솔직리뷰,아니 귤 왱케 비싼데,kakao,1,22.07.03.
CONT_000000000500731,HJ,"볼거리가 많아서 처음가면 여기저기 한 눈파느라 정신 없음. 기념품, 각종 과일, 맛집들을 한큐에 해결할 수 있는 서귀포 샤핑스팟.",kakao,5,22.06.29.
CONT_000000000500731,4.0,흑돼지김치말이 짱임,kakao,3,22.06.15.
CONT_000000000500731,0801,올레시장 입구매대에서 천혜향샀는데 거의 반은 곰팡이가 펴있어서 버렸네요. 그리고 맛도 맹물...바구니에 있는 과일 살때는 꼭 살펴보고 사세요!그리고 가능하면 시식하고 구매하세요 가게마다 과일 맛이 정말 천차만별입니다!!!!!!,kakao,2,22.06.11.
CONT_000000000500731,왈,재밌어요! 주차하기 힘든데 넘 재밌음,kakao,4,22.06.07.
CONT_000000000500731,윤서희,밤에 가니 사람 북적북적ㅎㅎ 그냥 쑥 한바퀴 돌아보고 간식사고 돌아옴 ㅎㅎ,kakao,4,22.06.07.
CONT_000000000500731,노을,리뷰보고갈걸...흑돼지김치말이 진짜 맛없음... 소스잔뜩뿌리지만 1도안맵고 맛도안남 간도 안하나봄 김치도 덜익은김치인지 그 구운맛이나고 세점먹고 더이상 먹을생각이안나서버렸음,kakao,1,22.05.29.
CONT_000000000500731,상선,음식맛은  동네 시장음식이랑 비슷..  시장에 사람들이 많아 힘드신건 알겠지만 공짜도 아니고 돈을 지불하고 먹는건데 걸어다니다보면 여기저기서 불친절하다는 소리를 쉽게 들을정도로 친절과는 거리가 먼 시장이네요,kakao,1,22.05.28.
CONT_000000000500731,1000km,동문시장과 비교하면 여러모로 좀 더 괜챦지만10만원 넘게 썼는데 주차비는 왜 받음??,kakao,3,22.05.18.
CONT_000000000500731,.,흑돼지 김치말이  고기 두께.. 나머지 김치 조금 양배추.. 9천원 가격은 아닌듯ㅜ,kakao,2,22.05.16.
CONT_000000000500731,콩쥐,시장은 망원동시장이나 이마트트레이더스가 짱이야...몬 사먹기만하면 배가아프노 에혀....,kakao,1,22.05.12.
CONT_000000000500731,황병윤,시장에서 회는 비추입니다.살아있는거 막 잡아서 주는게 아니고. 잡아놓은거 숙성시켜서 주는 지....특히 딱새우회는 싱싱함이 1도 없어서 당황했다는..재방문의사 제로입니다.,kakao,1,22.05.09.
CONT_000000000500731,박민성, ,kakao,4,22.05.06.
CONT_000000000500731,이승훈, ,kakao,2,22.05.05.
CONT_000000000500731,김진선,사진않았지만 구경하는 재미:),kakao,4,22.05.03.
CONT_000000000500731,여행자,서귀포 시장 안에 있는 “전주상회”술이랑 과일차 구매했는데 서비스를 2만원치 넘게 주신 것 같아요 o̴̶̷̥᷅﹏o̴̶̷̥᷅ 친절 또 친절하신 사장님 감사합니다̆̈ 사장님께서 마스크도 유일하게 잘 착용해주셨고꙼̈두번가서 두번구매 했는데 기억해주셔서 명함도 챙겨주셨어요,kakao,4,22.04.22.
CONT_000000000500731,꼬로록,딱히 구경할건 많이 없고제주술은 숙소서 드실거면 사고 집가져갈거면 면세점에서 사셔도 될듯요딱새우회 나쁘지않고 생선회들은 신선해보였어요 ㅎ제주약수터 맥주 재밌어서 몇개 사봤구요~ 맥주랑 딱새우회만 건진듯 ㅋ,kakao,4,22.04.18.
CONT_000000000500731,유은정,"매일 가도 즐거워요한라봉쥬스,한라봉 빵 짱 입니다요",kakao,5,22.04.08.
CONT_000000000500731,arche,평일 초저녁대도 사람이 너무 많아서 힘들었네요. 주차는 널널했음. 한라산떡갈비: 고기에서 냄새남흑돼지 전복버터밥: 담백한 밥에 숯불향 양념고기조합이 좋았음. 근데 다른 리뷰 사진보면 작은 전복이 하나 들어가 있던데 전 없었어요ㅡㅡ; 복불복인지…; 확인하고 사세요. 시장인데 지역화폐도 안됨..제일떡집: 먹어본 오메기떡중에 젤 맛있었음. 불친절. 가격비쌈.달인횟집: 신선했으나 양이 많은진 모르겠고 사람도 많아 주문하고 꽤 기다림. 다른곳도 깨끗하게 관리되는것같아서 담엔 다른곳을 이용할듯. 제주약수터: 가격비쌈. 라거와 밀맥주 다 향이짙고 맛도 진해서 음식페어링을 잘해야할듯. 가벼운 맥주 선호하시는분에겐 비추. 많이 마셔도 숙취도 없고 맛은 깔끔하니 좋음.,kakao,3,22.04.07.
CONT_000000000500731,신채영,기념품 크런치도 싸게팔고 먹을것도 많이 팔아서 놀기 좋아요!시장안에 이 가게 가시면 싸게팔고 서비스도 많이 줘요! 기분좋은 관광이었습니다,kakao,5,22.04.04.
CONT_000000000500731,눈치안봄,"씨앗 호떡, 흑돼지 고로케, 마농 치킨, 흑돼지 라면",kakao,4,22.03.31.
CONT_000000000500731,먹고노는게제일좋아,- 흑돼지전복버터밥: 고기 밑에 상추만 잔뜩- 우정회센터: 딱새우+광어&amp;고등어회 먹었는데 맛있었어요 회는 언제나 옳다,kakao,4,22.03.27.
CONT_000000000500731,유라,나름구경하기뉸죠아용~촘더다양하긍 저렴하구하면 좋았을거같네여!사람은마늄ㅋㅋ,kakao,4,22.03.26.
CONT_000000000500731,틴틴틴틴틴,은ㄱ수산 완전 불친절했어도그냥 결재하고 택배보냈는데산거그대로 안보내줌이래서 제주도 시장 도민 이미지최악장사그렇게하지마시길전화해서 따져도 발뺌뿐,kakao,1,22.03.26.
CONT_000000000500731,:0,"10만원이상 구입해도 주차비가 있네요운전 경력 많은 사람도 주차하기에 너무 복잡해서 초보운전은 안오시는게 좋을듯,,",kakao,1,22.03.25.
CONT_000000000500731,골든아워,신선한 회는 좋았지만 과일 가격이 싼건지는 모르겠네요.,kakao,3,22.03.11.
CONT_000000000500731,탱탱균🚊🏊🚴⚽⚾,숙소들어갈때 회떠가요회 샘플 보여주고요 고르시면됩니다딱새우회도 필수공영주차는유료 시장에서 물건구입해도 유료,kakao,4,22.02.24.
CONT_000000000500731,ig,정문출입구에서 십여미터쯤 들어가서 오른쪽 조그만 고기국수집..    완전강추. 진한사골육수에 밑반찬도 직접하시고.  기대없이 지나가다 들렀는데 너무너무 맜있게 먹었어요.  소문내고싶은 맛집입니다..아 상호기억났어요아방국수!!!  강추강추,kakao,5,22.02.02.
CONT_000000000500731,쩡쩡현, ,kakao,4,22.02.01.
CONT_000000000500731,큐웅,땅콩아이스크림 넘 맛잏어요,kakao,5,22.01.29.
CONT_000000000500731,jju,대부분 친절한데~시장 중앵 부분에 할머니 떡방앗간   이집은 너무 불친절해요  떡종류나  가격 물어보는데도  짜증내고  귀찮다는듯 정말 비추입니다    이런사람들때문에   이이지 나빠져요,kakao,2,22.01.28.
CONT_000000000500731,., ,kakao,5,22.01.26.
CONT_000000000500731,맛나요,"주차는 괜찮았고..레드향 1kg 9,000원 짜리 샀는데(3~4개)별로네요..그냥 박스째로 된거 살걸 그랬어요.선물포장하다가 안예쁜것들 모아두셨다고 했는데진짜 단맛도 없고, 허벅거려요.상품성 없는거 파시는 듯..소량 구입하실 분들 1키로 어쩌고하는거 사지 마세요.비싸지만 와플(4,000원)맛나게 먹었어요.",kakao,3,22.01.17.
CONT_000000000500731,dh,볼거많음 잘 골라서 사면 좋은것 많다. 다만 주차가 힘듦.,kakao,4,22.01.17.
CONT_000000000500731,스티치, ,kakao,4,22.01.16.
CONT_000000000500731,정재순, ,kakao,4,22.01.12.
CONT_000000000500731,🛸, ,kakao,3,22.01.06.
CONT_000000000500731,라라리라,"족발, 회, 오메기떡 맛있네요 굿!",kakao,5,22.01.05.
CONT_000000000500731,ㅎㅎ,전복버터밥 사장님 시간약속도 안 지키시고 말 바꾸는거 보고 취소하고 나왔습니다. 전복버터밥 시키실 분들은 1시간은 각오하고 가세요,kakao,1,22.01.05.
CONT_000000000500731,수파,시장 먹거리 전반적으로 맛없음....포장해서 숙소에 가져오면 200% 후회앉아서 대충 빨리 드시길....,kakao,2,22.01.05.
CONT_000000000500731,쀼,흑돼지 초밥 직원 진짜 불친절함;;; 거의 한시간 기다렸고 줄에 비해 만드는 속도나 나오는 속도 진짜 느린데 맛있을 것 같아서 기다렸음... 근데 가격 두 번 정도 물어봤다고 면박주고 표정에서 짜증나는거 계속 티내고 째려봄;; 50분동안 줄서있다가 바로 앞 사람이 초밥 받아가고 순서 지켜서 앞으로 온건데 여기 다 줄 서 있는거라고 줄 서셔야 한다고 면박줌. 줄 서있다가 순서 지켜서 왔다고 했더니 앞에 많이 밀려있어서 아직 주문 안 된다고 또 짜증난다는 표정으로 면박주고.... 너무너무 불쾌했음  손님한테 짜증내지 마세요........ 그리고 수량 물어보는거 귀찮으면 써놓으세요 제발... 가격만 쓰지 말고.... 맛은 있어요..... 만원에 여덟개 치고는 맛있는데 서비스 제발 개선해주세요,kakao,1,21.12.28.
CONT_000000000500731,쫑~s,동문시장 보다 작지만 정겨운 느낌~ 기념품 구경하고 한라봉 사왔는데 너무 맛있어욤 ^^,kakao,5,21.12.27.
CONT_000000000500731,Bella,흑돼지 김치말이 드시지 마세요........진짜 맛없음요..흑돼지 족발은 가격대비 괜찮았어요,kakao,2,21.12.17.
CONT_000000000500731,가갸,굿굿,kakao,5,21.12.16.
CONT_000000000500731,영쓰, ,kakao,5,21.11.30.
CONT_000000000500731,아꿀, ,kakao,5,21.11.29.
CONT_000000000500731,김재혁, ,kakao,5,21.11.27.
CONT_000000000500731,(__),어릴적 부모님께서 길거리 음식 함부러 먹지 말라 했는데 먹었음니다....죄송합니다  배탈 났음니다 ㅠ,kakao,1,21.11.20.
CONT_000000000500731,솔직맨,좋아요,kakao,4,21.11.16.
CONT_000000000500731,수정하래,"1. 기념품은 그냥 여기서 사세요. 들고다니기 귀찮으셔도 시장이 제일 쌉니다.2. 아래 음식들은 기대하지 마세요. 그냥 동네 시장 맛입니다.    전복김밥 : 그냥 전복 스쳐 지나간 김밥에 계란옷만 입힌 듯, 간도 안맞고 맛도 없어요.                    제주 여행중 유일하게 다 안먹고 버린 음식    땅콩만두 : 그냥 잡채많이 들어간 동네 시장 만두. 모양만 특이. 만두피에 땅콩은.. 무슨... 티도 안남.4점준 이유는 그나마 선물/기념품들 가격이 여기가 제일 싼 것 같아서...그리고 주차장은 시장안에 있는 것 말고, 시장 바로 앞 공영주차장 이용 하세요.별로 걸어가는 거리 차이도 안나고 훨씬 덜 혼잡합니다.",kakao,4,21.11.10.
CONT_000000000500731,mania,"둘러보는 재미가 있습니다.줄서서 먹는 흑돼지 김치말이, 전복김밥, 그리고 흑돼지새우꼬치를 먹어봤는데, 기대했던 맛은 아닙니다. 흑돼지 새우꼬치와 소스 맛이 잘 어울리지만 9천원의 가격치고는 양이 적어요. 전복김밥은 정말 아무맛이 안납니다.",kakao,4,21.11.10.
CONT_000000000500731,ㄱㅅㅃ, ,kakao,4,21.11.03.
CONT_000000000500731,중구,정말 설계자의 의도를 알 수 없는 공영주차장 입구ㅠ 아직 사상사고 난 적 없나요? 갈 때마다 조마조마해요,kakao,4,21.10.25.
CONT_000000000500731,앙팡,저녁시간은 피해서 가시는게 좋습니다.평일인데도 사람많았구요.시장내에서 취식불가.,kakao,4,21.10.21.
CONT_000000000500731,마수술수리,사람이 너무 많지만 구경할 것도 먹을 것고 많은 곳,kakao,5,21.10.10.
CONT_000000000500731,prisa, ,kakao,3,21.10.09.
CONT_000000000500731,은지,흑돼지  토치로 구워서 파는 가게 조심하세요… 둘다 먹고 장염 심하게 왔어요… 그날 먹은게 저거랑 도넛츠라 의심되요ㅠ,kakao,1,21.10.01.
CONT_000000000500731,ㄱㅇㅅ,"별 다섯개 준사람들은 시장 상인들이신가,.. 진짜 ,,, 유명세에 비해 너~무너무너무 실망하고 갑니다. 두번다시 올레시장에서 뭐 사먹을 일 없을듯!!  진짜 너무 실망했음 ㅠㅠ 그냥 돈 좀 더주고 식당가서 드세요",kakao,1,21.09.27.
CONT_000000000500731,아름다운산행,남매갈치집 맛집으로 추천합니다,kakao,5,21.09.22.
CONT_000000000500731,왕보석,"문어숙회 샘플이 ""열 다섯점"" 이상인 횟집가지 마시오 회는 비리고 문어는 며칠 냉장고에 놔둔거 같았음맛집 못찾아도 맛없는집은 피하시길 바라며..부모님이랑 갔었는데 계속 아쉬워하셔서 죄송한 마음을 가지게 될수 있음",kakao,1,21.09.20.
CONT_000000000500731,金裕洙,제주도는 우리나라 대표 관광지인데이런식으로 장사하면 제주도 욕먹이는 겁니다최악 중의 최악먹을 수 있는 음식이 없었다흑돼지전복버터밥 - 고기를 씹으면 나무껍질 씹는 느낌임. 밥을 도대체 몇시간 전에 만들었는지 모르지만 동물도 안먹겠다랍스터 - 한마리 통으로 9천원인것처럼 적어놓고 정작 주문하면 반마리 9천원임.. 사기치냐? 불쇼하면서 맛있어보이긴 했지만정작 먹어보면 맛대가리도 1도 없음생선회 -  즉석으로 썰어주는 것처럼 하더니.. 정작 받아보면 냄새나고 시들시들하고 돈 아까움.. 자기네 가게 영업하기 바쁘더니 돈주고 사먹은게 후회된다. 절대 절대 횟집 신중하게 고르세요~~~제주도에 힐링하러 왔다가 화만 쌓여감시장상인들 장사 뭣같이 해서 자기네 얼굴에 침뱉는 격이다물론 친절한 사장님도 있지만 아닌 사람이 더 많은듯!음식가지고 장난질 하지 마세요장난질하는 가게들 다 망해도 앓는 소리하지마라제발 망해라~~ 부모님과 놀러갔는데 시장 음식때문에 기분 잡침줄을 많이 서든 적게 서든 반드시!!!리뷰 잘 보고 가시길!!!!장사 개같이 하는 것들은 제발 좀 망해라 양아치들 ㅉㅉ,kakao,1,21.09.20.
CONT_000000000500731,도훈, ,kakao,5,21.09.14.
CONT_000000000500731,맛있는거찾자, ,kakao,5,21.08.26.
CONT_000000000500731,동조, ,kakao,5,21.08.16.
CONT_000000000500731,르넨, ,kakao,4,21.08.15.
CONT_000000000500731,12345, ,kakao,5,21.08.14.
CONT_000000000500731,HWANG KICHUL, ,kakao,5,21.08.12.
CONT_000000000500731,김상현 천양사, ,kakao,5,21.08.08.
CONT_000000000500731,김랄뿌,청결!,kakao,4,21.08.08.
CONT_000000000500731,mhko, ,kakao,2,21.08.04.
CONT_000000000500731,ㄴㄴ,"마농치킨 맛있어요. 사람이 좀 많긴하지만, 뭐살때 오래 기다린적은 없어요. 뭐 살때는 동문보가는 이쪽을 더 자주 가요~",kakao,4,21.07.25.
CONT_000000000500731,정튼튼,코로나라서 사람이 없는줄 알았는데 불친절이 기본이네요다시는 재방문 의사 없어요,kakao,1,21.07.24.
CONT_000000000500731,밀짚모자,여기 정말 좋아요.먹을것도 많고근처 호텔에서 가까워서 자주가는더갈때마다 만족합니다.,kakao,5,21.07.23.
CONT_000000000500731,김아찌,"딱새우회, 흑돼지고로케, 마농토스트 존 ㅠ 맛 ㅠ하우스 귤 최고~~~!!전복계란김밥+흑돼지김치말이? 파는곳은 별로였어요,,",kakao,5,21.07.22.
CONT_000000000500731,현준파파,여러가지 해산물 먹었는데요 맛나게먹었습니다,kakao,4,21.07.17.
CONT_000000000500731,초코,그때 그집 족발집이랑 흑돼지 꼬치 강추합니다!!!! 특히 꼬치 진짜 맛있어요ㅜㅜ 족발집은 쌈도 주더라구요! 맥주는 편의점보다 싸서 좋았어요!,kakao,5,21.07.15.
CONT_000000000500731,계란,관광지고유명해보여 왔었는데 물가 무슨일? 백화점 저리가라이고 걍한바퀴 쭉둘러보고 나감 하물며 풀빵마져 팥을빼고 설탕이 들어있음 호떡도 아니고..참 제주 물가비싸서못살동네인듯..이걸시장이라해야하나...동문시장도 물가 장난아닌데 여긴더함 ㅋ,kakao,3,21.07.13.
CONT_000000000500731,s,줄 제일 많이 서는 가게만 골라서 5개정도 샀는데 다 평범이하였어요.,kakao,2,21.07.12.
CONT_000000000500731,1115,기념품살때만 이용하시면 좋겠어요. 야채 만원어치샀는데 이만원결제하곤 사과도 없으시고 영해수산에서 갈치랑 옥돔샀는데 옥돔만 담아주셔서 다시 찾으러 갔더니 적반하장으로 왜 안챙겨갔냐고 하시네요. 불친절한 기억이 가득이에요,kakao,1,21.07.10.
CONT_000000000500731,송풍,일단 어딘지는 밝히지 않겠지만 회를 먹었는데 몸이 몹시 가려움을 느꼈습니다. 여름에는 회는 자제하시라고 말하고 싶고 이곳에서만 먹을 수가 있는 것을 찾았는데 그중에 문어빵은 소매치기 당했음. 주위하세요. 돈도 아니고 음식을 당해보기는 첨입니다.유일하게 추천하는 것은 흑돼지꼬치구이입니다. 보시면 너무 깔끔하시고 맛있습니다. 다만 장사는 잘 못하시는 느낌입니다. 냄새 나도록 해서 손님을 받아야 하는데 너무 깔끔해서 냄새가 없습니다. 환풍기도 잘 되어 있고 칸막이로 잘 막아서 ... 꼭 먹어보시기를 권합니다. 귤은 제일 작은 것을 선택하시고 가격은 구경하시면서 가격표가 있는 곳 중에서 상대적으로 싼 곳을 선택하시면 됩니다.,kakao,1,21.07.09.
CONT_000000000500731,갓파이트,터무니 없이 비싸고 맛도 없고 두번 다시 안갑니다,kakao,1,21.07.09.
CONT_000000000500731,날으는 생선까스,메뉴가 다양하고 호기심을자극한것에 비해 실속은 없었습니다.,kakao,2,21.06.28.
CONT_000000000500731,JNG,완전 서울놈 호구놀이!?  ㅋㅋ,kakao,1,21.06.26.
CONT_000000000500731,KPU,동문시장보다 낫네요,kakao,5,21.06.24.
CONT_000000000500731,진정한맛을아는여자,레드향음료3000 맛있음흑돼지 전복버터밥9000맛있음다시와도 두개는 사먹을거고흑돼지 김치말이9000  다시 안사먹을겨,kakao,4,21.06.16.
CONT_000000000500731,LE,간식거리 많고 먹을만한 벤치가 잘 돼있어요. 현지 분위기 물씬! 야시장 강추,kakao,4,21.06.15.
CONT_000000000500731,김유관, ,kakao,4,21.06.06.
CONT_000000000500731,맛있게먹고싶다,여기후기 믿고 달인회파는데서 고등어랑 마농치킨 먹었는데 너무 맛있어서 또먹으려구요 ㅋㅋ 특히 마농치킨 눅눅하다는 후기있는데 호불호있을듯요. 눅눅한데 진짜맛있어요. 설명하기가모한데 먹어보면 알아요. 같이 먹은사람들 다맛있다고햇어요,kakao,5,21.05.27.
CONT_000000000500731,최정아, ,kakao,4,21.05.25.
CONT_000000000500731,금은동,흑돼지김치말이 별루수박주스는 걍 수박물,kakao,1,21.05.25.
CONT_000000000500731,모자익, ,kakao,3,21.05.17.
CONT_000000000500731,휘,대박횟집 진짜 별로....언제적에 잡아둔거 주는지 써는 척도 안함 ㅋㅋㅋㅋㅋㅋㅋㅋ 2만원준 딱새우도 비려서 다버림......,kakao,1,21.05.14.
CONT_000000000500731,a, ,kakao,5,21.05.12.
CONT_000000000500731,효니,여기서 과일사지마세요 수분없고 아무맛도안남..,kakao,1,21.05.09.
CONT_000000000500731,MY,과일사지마세요배달 두박스 보냈는데 거의 썩어가는게 왔어요,kakao,1,21.05.07.
CONT_000000000500731,정직한사람,전복김밥 사먹지마세요 쉰 음식파네요 미친인간들임ㅁ,kakao,1,21.04.29.
CONT_000000000500731,최한종, ,kakao,1,21.04.27.
CONT_000000000500731,앙,확진자 감추기 잘 보고 갑니다,kakao,1,21.04.26.
CONT_000000000500731,✌🏻재희, ,kakao,4,21.04.23.
CONT_000000000500731,guposjs12,최악 찹쌀 도넛 4개 2천원주고 사먹었는데 다 식어빠져서 맛 하나도 없음 일부로 시장 옆에 숙소까지 잡았는데 다신 안와야지,kakao,1,21.04.20.
CONT_000000000500731,김상조, ,kakao,5,21.04.18.
CONT_000000000500731,바른세상♡,이기주의 상가조합. 별하나도 아깝네요. 이게 사실이라면 이런 시장은 망해야합니다. 당장 저 조합장 짜르세요.,kakao,1,21.04.14.
CONT_000000000500731,J,바가지. 시끄러움.,kakao,2,21.04.13.
CONT_000000000500731,　ㅣ　,^^,kakao,1,21.04.13.
CONT_000000000500731,이현준, ,kakao,1,21.04.13.
CONT_000000000500731,.,확진자 나온걸 쉬쉬하는게 말이 되나?,kakao,1,21.04.12.
CONT_000000000500731,흐니뽀토퓝,별로에요,kakao,1,21.04.12.
CONT_000000000500731,해포리터,조합이 정신나감,kakao,1,21.04.12.
CONT_000000000500731,나님🧒,여기가 정신나간 상가 조합이 있다는 그곳인가...,kakao,1,21.04.12.
CONT_000000000500731,쯧쯧,안내말씀 쓴 정신나간 놈 격리기간동안 벽보고 반성해라그 생각없는 머리로 싸지른 글 때메 더 손해볼거다^^,kakao,1,21.04.12.
CONT_000000000500731,ㅎㄷㅍㅍ,"회, 마농치킨, 땅콩만두 이렇게 사먹었는데 모두 만족스러웠습니다.",kakao,5,21.04.10.
CONT_000000000500731,Sean,"전복김밥, 흑돼지 김치말이 쌓아놓고 일부러 줄 서게 하는게 눈에 보임. 고기 잡내남, 전복김밥 비림.",kakao,1,21.04.06.
CONT_000000000500731,구르리리,소문난 잔치에 먹을게없다.,kakao,2,21.04.03.
CONT_000000000500731,귀향,역시 올레시장,kakao,4,21.04.03.
CONT_000000000500731,레이첼,고등어회 꼭 갓 뜬거 드세요!!! 뜬 채로 파는거 말구요!!! 비린맛 하나도 없이 맛있네요!!! 방어도 아닌게 전어도 아닌게 고소합니다~~ 최강창민이 제주와서 꼭 먹어야 한다던 문어빵ㅠ.....비추비추.....대만 인기 간식 뭐시기도 굳이굳이....,kakao,4,21.04.01.
CONT_000000000500731,IM,주전부리 이것저것 사고 입가심용으로 한라봉 4개에 5천원짜리 사봤는데...하.....어디서 다 말라서 못먹을껄 내다파셨네요. 예전에 쇠소깍에서 몇개 사먹었던걸 넘 맛있게먹은기억이있어서 제주에선 한라봉 다 맛있을줄알았는데...서울서 마트서 걍 사먹는게 훨 싸고 맛있네요 진짜 실망이에요 별 한개도 아까워요,kakao,1,21.03.30.
CONT_000000000500731,Thanos,가성비 ㅆㅎㅌㅊ 전복김밥 완전 비추천흑돼지김치말이 맛은 무난 가격 매우비쌈흑돼지고로케 맛 괜찮으나 역시 가성비 나쁨꼬마김밥은 가성비 맛 괜찮았습니다,kakao,2,21.03.27.
CONT_000000000500731,Momo,야시장처럼 늦은 시간에도 이용할 수 있어서 편해요 회 이외에는 식사로 먹을만한게 충분하지 않은 것 같아요,kakao,4,21.03.19.
CONT_000000000500731,맛집찾아보자,흑돼지 고로케랑 그 집앞 오메기스크림 땅콩 추가해서 먹음 존맛입니덩,kakao,4,21.03.08.
CONT_000000000500731,., ,kakao,3,21.02.25.
CONT_000000000500731,성슈,먹거리 볼거리 살거리 많음,kakao,5,21.02.23.
CONT_000000000500731,이경수,쏘쏘,kakao,4,21.02.23.
CONT_000000000500731,바람의 향기,이제 제주의장은 그주민이 다니는곳이 아니네요.그러다보니 상인들이 다 돈에 쩔어있고요.,kakao,2,21.02.21.
CONT_000000000500731,화니,좋아요!!,kakao,5,21.02.21.
CONT_000000000500731,복님,한달살기하고 있는데요 3층까지 오르고 내리는 계단이지만 운동이라 고 긍정적으로 생각하면  좋구요 무엇보다 객실이 너무 깨끗하게 잘 되어있어요  그리고 친절하시고 궁금한것은 언제나 서비스 잘해  주시고 좋아요 다른 팬션에 비해 주차  짱 좋구요 넓은 잔디 광장과 바베규도 가능하구요 외부 벤취도 있고 바닷길 산책 코스도 너무 좋아요 많이 놀러 오세요,kakao,5,21.02.20.
CONT_000000000500731,냠,딱새우.......조나맛잇어여,kakao,5,21.02.07.
CONT_000000000500731,ㅋ, ,kakao,5,21.01.30.
CONT_000000000500731,LKW, ,kakao,3,21.01.25.
CONT_000000000500731,ovxx, ,kakao,5,21.01.15.
CONT_000000000500731,맑쇼,금일 황금향 1키로(6~7개)에 4천원에 파는곳에서2키로 구매 하였는데 남자사장님 말대로 겉은 얼룩해도 존맛탱이였습니다.,kakao,4,21.01.12.
CONT_000000000500731,亮哥哈哈哈,ㅇㅋ,kakao,4,21.01.10.
CONT_000000000500731,제주 삼촌,관광객에게 바가지요금만 안씌우면 참 좋을듯해요,kakao,4,21.01.10.
CONT_000000000500731,Puhaha,구경하기도좋고 맛난것도많아요.선물사기도. 좋습니다,kakao,5,20.12.25.
CONT_000000000500731,썬, ,kakao,5,20.12.22.
CONT_000000000500731,고창균, ,kakao,5,20.12.16.
CONT_000000000500731,js youn, ,kakao,4,20.12.15.
CONT_000000000500731,장재영, ,kakao,5,20.12.12.
CONT_000000000500731,ling, ,kakao,5,20.12.01.
CONT_000000000500731,hanga,생각보다 볼거리먹거리 많진않구 비싼편.그래도 안유명한데맛있다는 흑돼지강정집 찾음!!맛있엇당!,kakao,3,20.11.29.
CONT_000000000500731,이준호,생각보다 시장이 작았어요ㅜ 하지만 맛난거 찾아먹는 재미와 횟감을 싸게살수있어서 좋았습니다,kakao,4,20.11.28.
CONT_000000000500731,감자물개,규모는 작지만 제주시내 동문시장보다 호객행위 덜하고 인스타그래머들 많이 없어서 좋았어요,kakao,4,20.11.21.
CONT_000000000500731,뭐다냐, ,kakao,1,20.11.17.
CONT_000000000500731,미나이,낮에가니 생각보다 볼게 없어요 ㅠㅠ 딱히 살거 없으시몀 30분이면 다 볼거같아요,kakao,3,20.11.17.
CONT_000000000500731,K,짱 꼭 가세욤 잼써요,kakao,5,20.11.08.
CONT_000000000500731,., ,kakao,4,20.11.07.
CONT_000000000500731,천재님0550, ,kakao,5,20.11.05.
CONT_000000000500731,조인옥, ,kakao,5,20.11.02.
CONT_000000000500731,정운옥,제주가면  꼭    서귀포   특히  올레시장     칼치를  구매했어요   넘맛있고   또 사고싶은데     알려주세요,kakao,4,20.10.29.
CONT_000000000500731,동하,동문시장보다 훨씬 나았다. 길도 넓고 괜찮았다.,kakao,4,20.10.25.
CONT_000000000500731,윤윤희,별 하나도 아깝.. 쓰레기 버릴때가 아예없음 길거리음식은 엄청 팔면서 쓰레기통 하나가 없음쓰레기 버리는곳 뮬어보니까 종량제 봉투사서 버리라고함 음식도 하나같이 다 맛없어서 돈 아까움 비싸기는 더럽게 비싸고 양은 하나같이 다 적은데 그 적은양도 맛없어서 남김,kakao,1,20.10.21.
CONT_000000000500731,깜,제주 관광온 사람은 웬만하면 다 모이는 듯사람 바글바글 복잡..하지만 한번쯤 구경할만 함,kakao,3,20.10.18.
CONT_000000000500731,피식미소,쵝오에요.,kakao,5,20.10.14.
CONT_000000000500731,레리,제주시 동문시장보다 나았다. 미역과 갈치속젓을 샀다. 제주를 오면 미역과 말린오징어를 사야된다. 저렴해서 다음에 오면 또 살것임,kakao,3,20.10.10.
CONT_000000000500731,나더,볼만한거없고 김밥파는곳에서 순대먹고 제주흑돼지고로케목었는데 둘다별로예영 흑돼지고로케는 큰동그랑땡맛이에여,kakao,1,20.10.10.
CONT_000000000500731,김보경,시장은 기대보다 작아요..그래도 갈때마다 신촌마늘흑돼지강정 먹으러 여기가요!! 맛있어요. 사장님도 친절하시고 강정은★★★★★,kakao,3,20.10.04.
CONT_000000000500731,✔️, ,kakao,2,20.10.04.
CONT_000000000500731,촌철살인,"막 오오오지게 큰 건 아닌데 아무튼 과일을 싸게 살 수 있어요 (다른 데도 알아봤는데 여기가 젤 싸더군요)황금향 10개 10,000원 / 5kg 35,000원 수준",kakao,3,20.10.03.
CONT_000000000500731,맛없는 곳을 보면 짖는 인절미,"내가 잘못먹었나 진짜 먹을게 없어요... 맛집 있으면 추천 해주세요 여기 꿀호떡만 먹고 나머진 진짜 할말 없네요,, 무슨 만두 그라탕? 하튼 두번다신 안먹음",kakao,1,20.10.01.
CONT_000000000500731,오영하,깨끗해서 좋고 상품들이 신선해요.,kakao,5,20.09.17.
CONT_000000000500731,yooni,음...딱히 먹을건 없어요 시장이 작은편이에요,kakao,3,20.09.17.
CONT_000000000500731,ㅇ, ,kakao,4,20.08.26.
CONT_000000000500731,최세윤,지나가다 들릴만함굳이 찾아갈 정도는 아닌듯,kakao,4,20.08.26.
CONT_000000000500731,nmnm,생각보다 별로.. 동문시장이 더 좋아요,kakao,2,20.08.20.
CONT_000000000500731,라온제나,무조건 마농치킨이랑 고등어회는 먹어야 함!고등어회 서울 와서도 계속 생각나서 조만간 제주도 다시 한번 갈 생각입니다 ^^,kakao,5,20.08.17.
CONT_000000000500731,dan도율, ,kakao,5,20.08.13.
CONT_000000000500731,여행좋아요,"숙소근처라 자주갔어요. 차는 없어서 주차는 잘 모르겠네요. 버스는 이쪽으로 엄청 다닙니다.일. 음식 기념품-전주상회  시식도 새 걸로 많이 주시고, 서비스도 짱짱. 안에 물건이 많더라구요. 없는 줄 알았는데 말하면 다 있어요.(참고로 타르트는 ‘삼립’(네 그 과자회사)가 최고에요) 많이사면 할인도 해주시고 다른것도 추가로 주세요. 아주머니 친절하시고 물건도 좋았어요.이. 횟집은 달인수산물? 거기 엄청 양심적으로 장사하셨어요. 딱새우회랑 매운탕만 첫날 먹고싶어서 식당안에 먹을 수 없냐니까 다 안된다고 했는데 저기서 뒤쪽으로 가면 먹을 수 있다고 친절하게 가르쳐주셨어요^^ 삼. 천혜향, 청귤쥬스-우리 그냥할인하게해주세요 횟집에서 밥먹고 바로 앞에 나오니까 천혜향쥬스랑 청귤쥬스 팔았는데 엄청 친절하시고 나중에 먹을 거라고 말씀드리니까 더 단단한거 주셨어요. 맛도 좋고 사장님도 친절하시구!! 둘쨋날도 거기서 먹었답니다사. 문어빵, 호이또-최고최고최고!!  델리만쥬등 그런류 좋아하시면 문어빵 꼭 드세요.  반죽이 달라요.. 계속 흡입. 그리고 호이또는 타이페이에서 살다온 저에게 천국.. 륭캉지에에서 팔던 반죽이랑 같아요. 무조건 흑돼지 드세요(구성:계란 햄 양배추 흑돼지)오. 흑돼지구이-최고 흑돼지 삼겹살이랑 맛은 같아요.대파랑 파프리카랑 같이 먹으니 천상ㅠㅠ돼지구이 좋아하면 맛 없을 수 없어요. 맵찔이인 저도 조금 매운맛 맛있었어요!!육. 흑돼지고로케 고로케 자체를 별로 안 좋아해서 기대 없이 먹었다가 아무런 잡내도 안나고 괜찮았어요. 한개 먹으니 배불렀어요 그만큼 든든합니다!",kakao,5,20.08.10.
CONT_000000000500731,Sang Jin Park, ,kakao,4,20.08.07.
CONT_000000000500731,Mia, ,kakao,4,20.08.04.
CONT_000000000500731,나,떡볶이 집에서 떡볶이에 흙돼지 튀김 같이 먹었는데 너무 맛있었습니다.우연히 선택한 집이 맛나네요.,kakao,3,20.08.03.
CONT_000000000500731,라로이, ,kakao,4,20.07.28.
CONT_000000000500731,맹꽁,시장의 활력이 가득하다.,kakao,4,20.07.21.
CONT_000000000500731,Youngblood,대부분 상인 분들이 마스크 미착용 상태입니다 관광객이 많이 이용하는 곳인데 불안합니다,kakao,1,20.07.18.
CONT_000000000500731,잡쓰레기, ,kakao,4,20.07.17.
CONT_000000000500731,ANNa,올레 시장 안에 제주도 와서 먹은것중  제일 맛있었어요!!여기에 등록이 안되 너무 아쉬움!!!!아방국수!!!!또가고싶다!!,kakao,5,20.07.16.
CONT_000000000500731,김태현,딱새우회를 사먹었는데 손질도 제대로 안되어있고 비린내가 많이 나서 남겼어요 처음 입장할 때는 깨끗한데? 라는 느낌이었는데 비주얼에 비해 맛들이 별로였어요 비교하긴 그렇지만 동문시장이 나은 것 같아요,kakao,2,20.07.13.
CONT_000000000500731,무,"회는 포장해서  가저가세요  상차림 1인당3천원이에요 맥주 소주1개씩 먹으닌까14,000나오고요   땅콩만두는 한개먹고 버렸어요  치즈고고로케 진짜  맛있어서요",kakao,3,20.06.27.
CONT_000000000500731,조성배,소문보다  별로네요 한번쯤은 ^^~~,kakao,2,20.05.29.
CONT_000000000500731,귤탱,관광객  많이가는 시장.한라통닭에서 산 마늘콩닭 생각보다 맛있었다.,kakao,4,20.05.17.
CONT_000000000500731,눈누난나,흑돼지강정 흑돼지고로케 딱새우회 맛있어용 ㅎ,kakao,4,20.05.03.
CONT_000000000500731,멁는게낙,동문시장보다 싸요. 과일만 살거면 옆 주차장에 대놓고 금방 갔다오시면 괜찮음. 저녁엔 사람많으니 웬만하면 점심에.,kakao,5,20.05.01.
CONT_000000000500731,장미,회 밑에 천사채 몇개 집어 먹고 복통 설사. 아직도 여기는 이거 재활용 하나 봅니다.,kakao,1,20.04.24.
CONT_000000000500731,김재남, ,kakao,5,20.04.20.
CONT_000000000500731,ㄱ이지우,실수였는지 뭐였는지 모르겠으나회 2만원 세트로해서 광어 돔 고등어 하고 갈치 서비스로 몇점준다더니 광어는 안주고 갈치 넣어줌 ㅎ 은박지로 포장해두고 늦게가서 그냥 확인안하고 갔더만 리뷰에도 가격다르게해서 계산하네 뭐네 해더니 사실인가올레시장에있는 달인수산인가 뭐시기인데 조심들하세요,kakao,1,20.04.02.
CONT_000000000500731,강블리,그냥 인터넷에서 사는게 싼듯....시장에서 구매해도 주차비는 받아요,kakao,2,20.03.24.
CONT_000000000500731,Antante,전통 그런건 없고요. 걍 마늘치킨사러가는곳,kakao,2,20.03.23.
CONT_000000000500731,현실가툰Dⓡe@ꪑ은이제디겹지안ㄴ니,"추천 : 흑돼지 고로케, 한라봉착즙주스회는 절대로 초입에서 사지말것1만원대는 없다고 말하는데 ㄴㄴ들어가서 사면 다른 횟집 1만원으로도 살 수 있음!",kakao,3,20.03.06.
CONT_000000000500731,르루,"깨끗하게 정돈된 시장이에요 그냥 구경한번 할만한? 과일은 농협이 훨씬싸요ㅜㅜ 여기서사고 맴찢동문시장에서사든가, 여기서 과일사는건 비추",kakao,2,20.03.06.
CONT_000000000500731,썬,카드영수증 액수 꼭 그자리에서 확인하세요집에와서 보니 은근슬쩍 올려받네요맛있게 먹고 구경했는데사소한 이런 일이기분을 찜찜하게 하네요,kakao,2,20.02.29.
CONT_000000000500731,프랭키 더 용,시장이라기보단 제주xx파이 라는 비슷한 이름의 간식 등을 파는곳,kakao,3,20.01.25.
CONT_000000000500731,내맘대로평가함,대게고로케는 좋아하는거 아니면 굳이 먹지마세요,kakao,3,20.01.24.
CONT_000000000500731,.,시장에서 쇼핑하고 배송할때 연락처 꼭 받으세요.,kakao,2,20.01.22.
CONT_000000000500731,정수인,작년에 비해 사람들이 많이 없는게 느껴지네요 날도좋고 주말인데.... 특히 입구쪽 상인분들의 불친절..혀를 내두를정도네요 이런것들이 쌓이면서 점점 안가게 되는 것 같습니다..,kakao,2,20.01.11.
CONT_000000000500731,JJJ, ,kakao,3,20.01.11.
CONT_000000000500731,ㅇㅇ,귤이 맛있어요,kakao,4,20.01.04.
CONT_000000000500731,🐵슬기로운🦁먹방🐍, ,kakao,4,19.12.30.
CONT_000000000500731,이훈희,오래만에 시장방문이라 좋았고~여러가지 음식을 맛볼수 있어서 좋았습니다.,kakao,5,19.12.13.
CONT_000000000500731,히린,털보두부 메밀묵 맛집!,kakao,4,19.12.06.
CONT_000000000500731,트레킹,대게 고로케인가 맛도 별로고 개맛살보다 못함 직원들도 싸가지 없음 주문좀 실수 했다고 정색하고 개 드러운 표정으로 쳐다 봄 전체적으로 돈 독에 오른것 마냥 불친절하고 유쾌한 느낌은 없었음,kakao,1,19.11.13.
CONT_000000000500731,Anderson,지역 재래시장으로서의 기능을 상실한 시장.이제는 관광시장으로의 목적이 더욱 뚜렷한 곳.동문시장은 아직 지역 재래시장으로서 기능을 가지고 있으나...올레시장은 끝이라고 보는게...,kakao,1,19.11.04.
CONT_000000000500731,ㄱ, ,kakao,2,19.10.22.
CONT_000000000500731,한나,올레시장 초심잃었네요ㅠㅠ,kakao,3,19.10.16.
CONT_000000000500731,오늘은어디가까,올레시장 안쪽으로 아 상호를 안찍어와서 너무 화나네요.사람많른쪽 말고 한가진 안쪽 과일가게노지귤 5000원 하우스귤 5000원 해놓고팔길래하우스귤 사고 만원짜리드렸는데 갑자기 5000원이던 하우스귤 푯말이 10000원으로 바꼈네요진짜 황당하고 어이없고저희 엄마랑 저랑 둘이 벙져서 진짜 따지지못하고 온게 너무 한이됩니다.ㅡㅡ 그따위로 장사하지 마세요 정말그런사람 하나 때문에 제주도 이미지전체가 망가진다는것좀 아시구요. 정말 제주관광청에 신고하고싶은게 증거가 없어요 아 열받어 생각할수록베트남도아니고.. 같은 한국사람끼리 어쩜진짜 그렇게 양아치짓을 할 수있나요,kakao,1,19.10.14.
CONT_000000000500731,Lovely 끌까,간단한 간식거리도 사고 제주도 시장구경도 하고 좋아요,kakao,4,19.10.14.
CONT_000000000500731,real맛집killer,"대게그라탕,구운마시멜로아이스크림,마농치킨(입구쪽에있는),모듬회.. 다 생각보다 별로였음...ㅠ굳이 시간내서 갈 필요없는 시장.",kakao,2,19.10.13.
CONT_000000000500731,동동동척,사람도 많고 즐길거리도 많았어요! 특히 노점에서 파는 흑돼지꼬치구이는 최고였네요,kakao,5,19.10.07.
CONT_000000000500731,hee,숙소 근처라 가봤는데정말 사람 바글바글 하네요,kakao,2,19.10.05.
CONT_000000000500731,.,복작복작 정신없어요. 한 번 정돈 가볼만 해요.,kakao,3,19.09.30.
CONT_000000000500731,분당분당,서귀포 매일 호구시장,kakao,1,19.09.25.
CONT_000000000500731,먹생먹사,사면서도 등쳐먹히는 느낌,kakao,2,19.09.23.
CONT_000000000500731,펭럽,방향표시를 좀더 잘해놨으면,kakao,3,19.09.13.
CONT_000000000500731,뚱발이,초콜렛 15박스만원? 10박스만원 그거사지마세요ㅋㅋㅋ박스안에 오백원 동전만한 초콜렛 7개들음ㅋㅋ사기당함ㅋㅋㅋㅋㅋ관광객 등쳐먹는 상인들ㅋㅋ,kakao,1,19.09.01.
CONT_000000000500731,김태훈,뭐 비싸긴 해도 먹을게 많아서 가 볼만함,kakao,3,19.09.01.
CONT_000000000500731,나,문어빵 절대먹지말길 욕나옴..귤은 맛있는데 비싸고 횟거리가 그나마 괜찮음,kakao,2,19.08.19.
CONT_000000000500731,쏘옥쏙쏙,휴가기라 미어터져요. 매일 휴가기인가봐요,kakao,3,19.08.15.
CONT_000000000500731,nyam,귤 맛있어요ㅋㅋ,kakao,3,19.07.31.
CONT_000000000500731,종하니,외지사람 상대하는 시장으로 비싼 감이 있음.안와도 됨.,kakao,2,19.07.26.
CONT_000000000500731,혹쉬,가지마셈특히 횟집,kakao,1,19.07.24.
CONT_000000000500731,bb,일반시장이  아니다  관광객들  호로록  당하는곳,kakao,1,19.05.08.
CONT_000000000500731,Dane,재작년에 처음 왔을 땐 군것질할 것들이 많았는데 이번에 다시 가 보니 문을 닫은 가게들이 몇 군데 보였다. 여전히 횟감을 고르는 손길들은 바빴다.,kakao,3,19.05.04.
CONT_000000000500731,웨인(kojjab), ,kakao,3,19.05.04.
CONT_000000000500731,kaka,옛날 시골 시장 아닙니다. 그냥 관광용 시장으로 변해가는 곳입니다. 그래도 사람 북적이고 길거리 음식을 경험해보고 싶다면 가보는 것도 괜찮습니다. 음식값들은 좀 비싼편입니다.,kakao,2,19.04.30.
CONT_000000000500731,🍛뚱카🍛,회포장. 거리에 군것질거리 많음,kakao,3,19.01.24.
CONT_000000000500731,돌멩이,"군것질 거리 은근 많음.대게 그라탕, 흑돼지 꼬치, 흑돼지 족발, 회, 빵, 분식 등등등8시 전후로 가면 떨이하는 데도 있음(회 한 접시 8천원)",kakao,4,19.01.08.
CONT_000000000500731,야식몬,이것저것 사서 저녁먹기 좋아요,kakao,5,19.01.02.
CONT_000000000500731,ZZAYA :),정말..먹을게 없네요..,kakao,2,18.12.23.
CONT_000000000500731,bada,생각보다 먹을 것도 없고. 별로에요,kakao,2,18.12.15.
CONT_000000000500731,쁑,"제주도 동문시장보다 크기는 작지만 분위기가 안정적이예요. 호객행위는 적고 상품 물어보면 친절히 알려주시고요2000원짜리 빵, 4000원짜리 과일 모두 카드결제 가능했어요. 저는 혼자여행 다녀왔는데 부담스럽지 않고 좋았습니다.문어빵 아저씨 친절하셨어요~(사진 문제시 삭제할게요)",kakao,4,18.11.27.
CONT_000000000500731,Heyman,"별로 크지 않고요, 땅콩만두 뭐가 그렇게 맛있는지 잘 모르겠던데요. 그냥 만두맛이던데.",kakao,3,18.10.23.
CONT_000000000500731,지연애비,삐끼가 아직도 설치네요입구에서 삐끼 두명 만나고바로 뒤돌아 나왔어요삐끼가 설치는 동네는 안 봐도 뻔해요,kakao,1,18.09.28.
CONT_000000000500731,사계,비싸고 볼 것 없고 먹을것도 없고... 한라봉&amp;천혜향 주스만 괜찮았어요! 주스는 진짜 최고,kakao,1,18.09.06.
CONT_000000000500731,허니비,꽈배기도 맛있고 먹거리 꽤 많네요 그리고 신촌흑돼지마늘강정 진짜맛있았음! 고기도부들부들 !!,kakao,4,18.09.02.
CONT_000000000500731,김정은,비싸요..귤도 회도 비싸요..베짱장사에요. 제주시 동문시장이 더 싸요.,kakao,1,18.08.28.
CONT_000000000500731,바디걸즈, ,kakao,4,18.08.15.
CONT_000000000500731,쭈우우,최악임 바가지 비싸고 사람 너무 많아 정신없고,kakao,1,18.08.10.
CONT_000000000500731,김미선,시장의 분위기를 느낄수 있는 ㅋ,kakao,3,18.05.17.
CONT_000000000500731,🍀Cathy🍀,그냥 관광시장 분위기..쵸콜렛같은 선물 파는곳 많고 간식거리 먹을수 있는 곳 기대보단 별루에요;;,kakao,3,18.05.10.
CONT_000000000500731,Jason, ,kakao,5,18.03.26.
CONT_000000000500731,맛집 대동여지도,광장시장에서 실망해서 그런가요 저는 좋던데요.회는 좀 값이 있지만 나름 싱싱하고 귤이나 고기같은경우 값도 나름 괜찮은 것 같습니다.,kakao,5,18.01.13.
CONT_000000000500731,MJay Ko 고 민정,Trad. Market,kakao,2,17.12.25.
CONT_000000000500731,김유진,회는 싱싱한 것 같지만 그리 싸지는 않아요.대게고로케를 파는데 카레야채가 맛있어요.김치크림은 너무 김치맛만 많이나서 별로였어요.대게그라탕은 맛없어요. 그냥 껍데기가 홍게인거에 의미를 둔 거 같아요.흑돼지꼬치는 내일 흑돼지 먹을거라 안먹었는데 맛있어보이더라고여. 냄새도...(오짐)오렌지모양으로 된 가게에서 파는 한라봉주스 존맛이에요. 또 생각나는 맛.그 집에서 파는 땅콩아이스크림은 3000원인데 양은 창렬이지만 맛은 좋아요. 양보고 욕했다가 맛보고 음~했어요.문어빵...문어빵 먹고싶었는데 못찾았어요.........어디서 파는거죠....?,kakao,3,17.10.03.
CONT_000000000500731,바람의아들,서귀포갈때마다찾아보는매일올레시장... 이제는관광객이며올레꾼이며바글바글하다 시장도개보수를통해서많이깨끗해지고현대화되어있었다~ 각양각색의가게또한많이개점돼있어서많은먹거리며볼거리를제공하고있었다 역시재래식시장은생기넘치고사람들의정이따스하게느껴지는곳이었다 기분이좋았다 그냥막좋았다...,kakao,4,17.04.16.
CONT_000000000500731,SJWi, ,kakao,3,17.02.12.
CONT_000000000500731,이상현, ,kakao,5,16.04.01.
CONT_000000000500731,구본근, ,kakao,4,16.03.23.
CONT_000000000500731,석수영, ,kakao,3,16.03.13.
