id,업체명,사업장구분,소재지도로명주소,소재지지번주소,위도,경도,차고지도로명주소,차고지지번주소,보유차고지수용능력,자동차총보유대수,승용차보유대수,승합차보유대수,전기승용자동차보유대수,전기승합자동차보유대수,평일운영시작시각,평일운영종료시각,주말운영시작시각,주말운영종료시각,홈페이지주소,전화번호,데이터기준일자,네이버 평점,구글 평점,카카오 평점,이미지
1,에스카,주사업장,제주특별자치도 제주시 연미길 42,제주특별자치도 제주시 오라삼동 2854-2,33.49016975,126.5055828,제주특별자치도 제주시 연미길 42,,,227,227,0,0,0,7:45,20:00,8:00,20:00,http://carmap.co.kr/web/mplus/jumpo/mview.php?aid=%E3%88%9C%EC%97%90%EC%8A%A4%EC%B9%B4&ACODE=carrental&sigun=6500000&gugun=6520000,070-4352-5515,2022-12-01,,,,
2,인터파크렌터카,주사업장,제주특별자치도 제주시 용문로 88,제주특별자치도 제주시 용담이동 2739,33.50344275,126.5051858,제주특별자치도 제주시 용문로 88,,,212,205,7,0,0,8:00,20:00,8:00,20:00,https://www.interparkrentcar.com,064-743-1515,2022-12-01,4.16,3.9,2.4,
3,아리랑,주사업장,제주특별자치도 제주시 용마서길 34,제주특별자치도 제주시 용담삼동 970-3,33.51495663,126.5020669,제주특별자치도 제주시 용담3동 969-3,,,534,511,23,75,0,8:00,20:00,8:00,20:00,http://www.newarirang.co.kr/,064-749-2139,2022-12-01,4.11,3.5,2.7,https://search.pstatic.net/common/?autoRotate=true&amp;quality=95&amp;type=w750&amp;src=https%3A%2F%2Fldb-phinf.pstatic.net%2F20161220_271%2F1482218441180K5Uwz_PNG%2F177170565059727_0.png'
4,제주아산렌트카,주사업장,제주특별자치도 제주시 연미길 44,제주특별자치도 제주시 오라삼동 2853-1,33.48978769,126.5057948,제주특별자치도 제주시 오라3동 2853-1,,,173,171,2,6,0,8:00,20:00,8:00,20:00,https://jjasan.com/,064-743-9991,2022-12-01,4.32,,4.6,
5,한국렌트카,주사업장,제주특별자치도 제주시 연미길 53,제주특별자치도 제주시 오라이동 2826-1,33.4884685,126.5055299,제주특별자치도 제주시 연미길 53,,,238,238,0,11,0,8:00,20:00,8:00,20:00,http://www.hanrent.co.kr/,064-748-5005,2022-12-01,,2.6,2,
6,탐라렌트카,주사업장,제주특별자치도 제주시 공항로 5,제주특별자치도 제주시 용담이동 1588-2,33.50482039,126.4967932,제주특별자치도 제주시 용담2동 593-6,,,498,469,29,111,0,8:00,20:00,8:00,20:00,https://www.tamrarentcar.com/,064-742-3300,2022-12-01,,3.6,2.9,
7,써니빌렌트카,주사업장,제주특별자치도 제주시 오광로 156,제주특별자치도 제주시 노형동 3692,33.48257951,126.4626128,제주특별자치도 제주시 노형동 3692,,,121,116,5,8,0,8:00,20:00,8:00,20:00,,064-748-1600,2022-12-01,,,,
8,용두암렌트카,주사업장,제주특별자치도 제주시 용해로 74,제주특별자치도 제주시 용담이동 881-12,33.51067003,126.5030807,제주특별자치도 제주시 용담2동 905-5,,,241,227,14,23,0,8:00,20:00,8:00,20:00,https://www.jejurenttour.co.kr/list/car,064-711-0388,2022-12-01,3.99,3.8,3,https://search.pstatic.net/common/?autoRotate=true&amp;type=w560_sharpen&amp;src=https%3A%2F%2Fldb-phinf.pstatic.net%2F20210714_3%2F1626252324226QD1oA_JPEG%2FnJIEHuRZQ4ucxjGvDtWmpH3J.jpg'
9,장수렌트카,주사업장,제주특별자치도 제주시 월광로 154,제주특별자치도 제주시 노형동 1156-4,33.49187675,126.474137,제주특별자치도 제주시 노형동 1235-1,,,100,93,7,0,0,8:00,20:00,8:00,20:00,https://jangsurentcar.com/index.php,064-746-8400,2022-12-01,4.44,,4.2,
10,가자제주렌트카,주사업장,제주특별자치도 제주시 월성로4길 76-2,제주특별자치도 제주시 용담이동 1721-2,33.49853357,126.4976974,제주특별자치도 제주시 월성로4길 76-2,,,138,132,6,1,0,8:00,20:00,8:00,20:00,http://gajajejurent.com/,064-744-2002,2022-12-01,4.27,4.7,3.6,
11,오름렌트카,주사업장,제주특별자치도 제주시 연미길 12,제주특별자치도 제주시 오라삼동 2104-3,33.49198895,126.5074991,제주특별자치도 제주시 오라3동 2104-1,,,225,221,4,0,0,8:00,20:00,8:00,20:00,http://www.orumrent.co.kr/,064-712-8570,2022-12-01,,,,
12,제주렌트카,주사업장,제주특별자치도 제주시 용문로 8,제주특별자치도 제주시 용담이동 1531-1,33.50499435,126.4971834,제주특별자치도 제주시 용담2동 1531-1,,,1162,1144,18,40,0,7:30,20:00,7:30,20:00,https://www.jejurentcar.co.kr/,064-735-3412,2022-12-01,,4.3,4.3,
13,제주오케이렌터카,주사업장,제주특별자치도 제주시 용문로 64,제주특별자치도 제주시 용담이동 737-3,33.50365166,126.5030255,제주특별자치도 제주시 용담3동 958,,,820,795,25,0,0,7:00,20:00,7:00,20:00,https://www.jejuokrent.co.kr/home/main/main.do?,064-743-4000,2022-12-01,,3.8,,https://search.pstatic.net/common/?autoRotate=true&amp;type=w560_sharpen&amp;src=https%3A%2F%2Fldb-phinf.pstatic.net%2F20170316_273%2F14896405974663PCod_JPEG%2F186266543337352_0.jpeg'
14,뉴제주렌터카,주사업장,제주특별자치도 제주시 용해로 80-7,제주특별자치도 제주시 용담이동 859,33.50992796,126.5025689,제주특별자치도 제주시 용담3동 1274-2,,,217,216,1,40,0,8:00,20:00,8:00,20:00,http://jeju-no1rentcar.com/,064-747-6869,2022-12-01,,,1.8,
15,굿모닝렌트카,주사업장,제주특별자치도 제주시 월성로4길 74-22,제주특별자치도 제주시 용담이동 1677-1,33.49999599,126.4974177,제주특별자치도 제주시 용담2동 1677-1,,,128,122,6,54,0,8:00,19:00,8:00,19:00,http://www.gmrent.co.kr/,064-742-8003,2022-12-01,4.02,3.6,3.5,https://search.pstatic.net/common/?autoRotate=true&amp;quality=95&amp;type=w750&amp;src=https%3A%2F%2Fldb-phinf.pstatic.net%2F20210810_121%2F16285698198486Hk61_JPEG%2FxZb-cx3ZhoZwFb0vbhqWoB6I.jpg'
16,제주공항렌트카,주사업장,제주특별자치도 제주시 오광로 24,제주특별자치도 제주시 이호이동 1563,33.49333728,126.455813,제주특별자치도 제주시 이호2동 1402-2,,,267,245,22,51,0,8:00,20:00,8:00,20:00,http://www.jarrent.com/,064-744-4800,2022-12-01,,4,4.2,
17,메트로렌트카,주사업장,제주특별자치도 제주시 억삼길 10,제주특별자치도 제주시 이호이동 170-6,33.49330171,126.467781,제주특별자치도 제주시 억삼길 10,,,110,105,5,0,0,8:30,19:00,8:30,20:00,http://www.metrorent.co.kr/,064-712-6555,2022-12-01,3.68,3.7,,https://search.pstatic.net/common/?autoRotate=true&amp;type=w560_sharpen&amp;src=https%3A%2F%2Fldb-phinf.pstatic.net%2F20150831_180%2F1440994348808hke2e_JPEG%2FSUBMIT_1310448135977_11539970.jpg'
18,한길렌터카,주사업장,제주특별자치도 제주시 우정로 88,제주특별자치도 제주시 외도일동 636-4,33.48515863,126.4307142,제주특별자치도 제주시 외도1동 636-4,,,120,105,15,0,0,8:30,20:00,8:30,20:00,http://www.xn--wk0bk0qxxs12dryd.com/main/index.php,064-712-6161,2022-12-01,4.04,,5,
19,대진렌트카,주사업장,제주특별자치도 제주시 공항로1길 38-1,제주특별자치도 제주시 용담이동 727-7,33.50324542,126.5004528,제주특별자치도 제주시 용담이동 747,,,142,133,9,10,0,8:00,20:00,8:00,20:00,https://daejincar.modoo.at/,064-712-9501,2022-12-01,,,,
20,발리렌트카,주사업장,제주특별자치도 제주시 도리로 110,제주특별자치도 제주시 이호일동 315-9,33.50077621,126.4634847,제주특별자치도 제주시 이호1동 315-9,,,114,105,9,0,0,8:00,20:00,8:00,20:00,http://balyrentcar.com/,064-743-3727,2022-12-01,3.61,,3.6,
21,렌트파크,주사업장,제주특별자치도 제주시 오일장중길 39,제주특별자치도 제주시 도두일동 2248-1,33.49638885,126.4721451,제주특별자치도 제주시 도두1동 2247,,,100,96,4,11,0,8:00,20:00,8:00,20:00,,064-711-1666,2022-12-01,,3.1,,
22,하나렌트카,주사업장,제주특별자치도 제주시 성화로1길 5,제주특별자치도 제주시 용담이동 892-1,33.5103777,126.5043548,제주특별자치도 제주시 용담2동 2262,,,294,282,12,10,0,8:00,20:00,8:00,20:00,https://www.jejuhanarentcar.com/,064-711-9611,2022-12-01,,,4.1,
23,행운렌트카,주사업장,제주특별자치도 제주시 용문로 48,제주특별자치도 제주시 용담이동 731,33.50408533,126.5013669,제주특별자치도 제주시 용문로 48,,,108,106,2,26,0,8:00,20:00,8:00,20:00,,064-745-9119,2022-12-01,,,,
24,제주사랑렌트카,주사업장,제주특별자치도 제주시 연미길 103,제주특별자치도 제주시 연동 353-1,33.48571932,126.5019159,제주특별자치도 제주시 연동 353-1,,,173,173,0,9,0,8:00,20:00,8:00,20:00,http://www.jrent.co.kr/,064-712-0091,2022-12-01,3.86,3.5,2.4,https://search.pstatic.net/common/?autoRotate=true&amp;type=w560_sharpen&amp;src=https%3A%2F%2Fldb-phinf.pstatic.net%2F20200312_267%2F1584015367849rEua4_JPEG%2FFXWI5beOxRKqSEWfevZMavgK.jpeg.jpg'
25,한라산렌트카,주사업장,제주특별자치도 제주시 오일장중길 27,제주특별자치도 제주시 도두일동 2205,33.49579427,126.4708583,제주특별자치도 제주시 도두일동 2205,,,155,151,4,10,0,8:30,19:00,8:30,19:00,http://www.hallasanrent.com/,064-748-8222,2022-12-01,,,3.3,
26,특별한렌트카,주사업장,제주특별자치도 제주시 공항로1길 38,제주특별자치도 제주시 용담이동 727-6,33.50341319,126.5004025,제주특별자치도 제주시 용담2동 726-1,,,255,229,26,20,0,8:00,20:00,8:00,20:00,http://www.jejusprent.com/,064-805-8005,2022-12-01,3.92,3.7,2.5,
27,올레렌트카,주사업장,제주특별자치도 제주시 논세길 74,제주특별자치도 제주시 내도동 135-3,33.48776205,126.4427326,제주특별자치도 제주시 내도동 135-5,,,185,173,12,55,0,8:00,20:00,8:00,20:00,http://www.ollerentcar.com/,064-743-7300,2022-12-01,,,2.5,https://search.pstatic.net/common/?autoRotate=true&amp;type=w560_sharpen&amp;src=https%3A%2F%2Fldb-phinf.pstatic.net%2F20150831_289%2F1441008654547t2Y3J_JPEG%2F19575018_0.jpg'
28,제주드림렌트카,주사업장,제주특별자치도 제주시 월성로4길 76-2,제주특별자치도 제주시 용담이동 1721-2,33.49853357,126.4976974,제주특별자치도 제주시 용담2동 1721-2,,,109,104,5,0,0,8:00,20:00,8:00,20:00,http://www.dreamrent.co.kr/,064-744-3939,2022-12-01,4.03,3.5,2,https://search.pstatic.net/common/?autoRotate=true&amp;type=w560_sharpen&amp;src=https%3A%2F%2Fldb-phinf.pstatic.net%2F20150831_244%2F1440986392512eEhkT_JPEG%2F11863401_0.jpg'
29,제주여행렌트카,주사업장,제주특별자치도 제주시 연동11길 12,제주특별자치도 제주시 연동 282-45,33.48865014,126.4931364,제주특별자치도 제주시 애월읍 어음리 2473-2,,,119,94,25,4,0,8:00,20:00,8:00,20:00,,064-711-6111,2022-12-01,,5,,
30,제주타요렌터카,주사업장,제주특별자치도 제주시 일주서로 7662,제주특별자치도 제주시 이호이동 200-4,33.49393107,126.4648609,제주특별자치도 제주시 이호2동 200-4,,,130,128,2,5,0,8:00,20:00,8:00,20:00,https://jejutayo.com/,064-713-6000,2022-12-01,,,3.2,https://search.pstatic.net/common/?autoRotate=true&amp;quality=95&amp;type=w750&amp;src=https%3A%2F%2Fldb-phinf.pstatic.net%2F20220927_71%2F1664240329449X9itd_JPEG%2F%25C8%25C4%25B8%25E9.jpg'
31,좋은,주사업장,제주특별자치도 제주시 일주서로 7861,제주특별자치도 제주시 연동 1979,33.4940905,126.4865171,제주특별자치도 제주시 이호2동 802-4,,,220,206,14,16,0,8:00,20:00,8:00,20:00,,064-748-1800,2022-12-01,,,,
32,KD,주사업장,제주특별자치도 제주시 일주서로 7667,제주특별자치도 제주시 이호이동 193,33.49482339,126.4654714,제주특별자치도 제주시 이호2동 193,,,293,287,6,25,0,8:00,20:00,8:00,20:00,http://www.kdrentcar.co.kr/,064-745-0753,2022-12-01,3.96,,1.8,https://search.pstatic.net/common/?autoRotate=true&amp;quality=95&amp;type=w750&amp;src=https%3A%2F%2Fldb-phinf.pstatic.net%2F20200522_31%2F1590137582841gT14l_JPEG%2FQHW77GmwQ48X-Lwi897jLuNq.jpg'
33,제주평화렌트카,주사업장,제주특별자치도 제주시 용해로 119,제주특별자치도 제주시 용담이동 779-4,33.5070991,126.5056027,제주특별자치도 제주시 용담2동 631-10,,,150,139,11,9,0,8:30,19:00,8:30,19:00,http://www.peacerent.co.kr,064-742-9944,2022-12-01,3.77,,3,https://search.pstatic.net/common/?autoRotate=true&amp;quality=95&amp;type=w750&amp;src=https%3A%2F%2Fldb-phinf.pstatic.net%2F20200308_119%2F1583677217787zm7pp_JPEG%2FT6XjXjGBs35eXeEcl2K8L6iR.jpeg.jpg'
34,제주현대렌트카,주사업장,제주특별자치도 제주시 어영길 30,제주특별자치도 제주시 용담삼동 1181-5,33.51777868,126.496023,제주특별자치도 제주시 용담3동 1181-5,,,390,375,15,38,0,8:00,20:00,8:00,20:00,http://www.jejuhyundairentcar.com/,064-742-0087,2022-12-01,4.09,,3.1,
35,쏘카,주사업장,제주특별자치도 제주시 연미길 42,제주특별자치도 제주시 오라삼동 2854-2,33.49016975,126.5055828,제주특별자치도 제주시 도두2동 159-3,,,369,369,0,94,0,8:00,20:00,8:00,20:00,https://www.socar.kr/,070-4700-0231,2022-12-01,4.35,4.2,,
36,썬렌트카,주사업장,제주특별자치도 제주시 오일장중길 115,제주특별자치도 제주시 도두일동 1374-4,33.49942586,126.4783182,제주특별자치도 제주시 도두1동 1374-4,,,303,287,16,9,0,8:00,20:00,8:00,20:00,http://www.jejusunrent.com/,064-773-8000,2022-12-01,,,2.1,
37,스마트렌트카,주사업장,제주특별자치도 제주시 오도11길 19,제주특별자치도 제주시 이호이동 1112-8,33.48962761,126.4600819,제주특별자치도 제주시 이호2동 1112-1,,,140,133,7,28,0,8:00,20:00,8:00,20:00,,064-745-7272,2022-12-01,,2.8,,
38,무지개렌트카,주사업장,제주특별자치도 제주시 제성1길 30,제주특별자치도 제주시 도두이동 1158,33.49630979,126.4827287,제주특별자치도 제주시 도두이동 1151,,,1048,955,93,40,0,8:00,20:00,8:00,20:00,http://www.rainbowrent.co.kr/,064-746-3500,2022-12-01,,,2.1,
39,뉴대한렌트카,주사업장,제주특별자치도 제주시 연미길 35,제주특별자치도 제주시 오라이동 2045-1,33.49033561,126.5066606,제주특별자치도 제주시 오라2동 2045-1,,,196,191,5,26,0,8:00,20:00,8:00,20:00,http://dhrent.co.kr,064-712-7811,2022-12-01,3.84,3.5,1.8,https://search.pstatic.net/common/?autoRotate=true&amp;quality=95&amp;type=w750&amp;src=https%3A%2F%2Fldb-phinf.pstatic.net%2F20190227_150%2F1551229488409VtrOU_JPEG%2FeloU9_Zs18EgE0SVc0dWeG75.jpg'
40,우리렌트카,주사업장,제주특별자치도 제주시 다호북길 111,제주특별자치도 제주시 도두이동 414-5,33.50268813,126.4865317,제주특별자치도 제주시 도두1동 1550-1,,,134,121,13,0,0,8:00,20:00,8:00,20:00,,064-745-9797,2022-12-01,,,,
41,공항렌트카,주사업장,제주특별자치도 제주시 오광로 24,제주특별자치도 제주시 이호이동 1563,33.49333728,126.455813,제주특별자치도 제주시 이호2동 1563,,,174,173,1,20,0,8:00,20:00,8:00,20:00,,064-745-4801,2022-12-01,,,,
42,레츠고렌트카,주사업장,제주특별자치도 제주시 용해로 50,제주특별자치도 제주시 용담이동 941-8,33.51274767,126.5026348,제주특별자치도 제주시 용담2동 941-9,,,194,187,7,35,0,8:00,20:00,8:00,20:00,http://www.letsgojeju.kr/,064-745-6566,2022-12-01,4.08,,3.1,https://search.pstatic.net/common/?autoRotate=true&amp;quality=95&amp;type=w750&amp;src=https%3A%2F%2Fldb-phinf.pstatic.net%2F20210819_91%2F1629365806710obPyB_PNG%2FsFHO1P7p9xoxlTg_jxmCdZIj.png'
43,퍼스트렌트카,주사업장,제주특별자치도 제주시 신성마을길 112,제주특별자치도 제주시 도두이동 382-1,33.5024287,126.4862385,제주특별자치도 제주시 신성마을길 112,,,190,190,0,51,0,8:00,20:00,8:00,20:00,http://jejufirst.co.kr,064-744-0234,2022-12-01,4,3.8,2.5,
44,통일렌트카,주사업장,제주특별자치도 제주시 제성1길 30,제주특별자치도 제주시 도두이동 1158,33.49630979,126.4827287,제주특별자치도 제주시 도두이동 1158,,,237,233,4,0,0,8:00,20:00,8:00,20:00,http://tongiltour.com/,064-745-4500,2022-12-01,,3.3,1.5,
45,더쎄븐렌트카,주사업장,제주특별자치도 제주시 다호북길 105,제주특별자치도 제주시 도두이동 412-1,33.50325369,126.4869869,제주특별자치도 제주시 도두2동 412-1,,,137,132,1,12,0,8:00,20:00,8:00,20:00,http://www.the7rent.com/,064-763-0007,2022-12-01,3.75,3.5,1.6,
46,에스제이렌트카,주사업장,제주특별자치도 제주시 오일장중길 100,제주특별자치도 제주시 도두일동 1286-1,33.49845248,126.4770089,제주특별자치도 제주시 용담3동 2220-1,,,142,142,0,1,0,8:00,20:00,8:00,20:00,,064-749-2900,2022-12-01,,,4.5,https://search.pstatic.net/common/?autoRotate=true&amp;type=w560_sharpen&amp;src=https%3A%2F%2Fldb-phinf.pstatic.net%2F20221016_175%2F1665891417959ALcao_JPEG%2FEAC40253-8FB2-4F59-AF66-8F9499ACBC7F.jpeg'
47,메이저렌트카,주사업장,제주특별자치도 제주시 제성1길 67,제주특별자치도 제주시 도두일동 1168,33.49742874,126.4798388,제주특별자치도 제주시 도두1동 1379-3,,,173,158,15,20,0,8:00,20:00,8:00,20:00,http://www.majorrentcar.com/,064-743-1000,2022-12-01,,,,
48,갤럭시렌터카,주사업장,제주특별자치도 제주시 오일장중길 128,제주특별자치도 제주시 도두이동 1108-4,33.49976722,126.4800178,제주특별자치도 제주시 도두2동 1106-1,,,339,328,11,49,0,8:00,20:00,8:00,20:00,,064-744-1116,2022-12-01,,3.4,2.4,
49,제주유명렌트카,주사업장,제주특별자치도 제주시 오일장중길 128,제주특별자치도 제주시 도두이동 1108-4,33.49976722,126.4800178,제주특별자치도 제주시 도두2동 1157-5,,,268,258,10,53,0,8:00,20:00,8:00,20:00,http://www.ymrentcar.co.kr/,064-712-5100,2022-12-01,,,,
50,조아렌트카,주사업장,제주특별자치도 제주시 오일장서길 63,제주특별자치도 제주시 도두일동 2246-2,33.49713957,126.4719683,제주특별자치도 제주시 도두1동 2243-1,,,380,366,14,57,0,9:00,18:00,9:00,18:00,https://www.joarent.com/,064-727-2000,2022-12-01,4.11,3.6,2.8,https://search.pstatic.net/common/?autoRotate=true&amp;quality=95&amp;type=w750&amp;src=https%3A%2F%2Fldb-phinf.pstatic.net%2F20220819_124%2F166089745126480Ltd_JPEG%2FKakaoTalk_20220818_121810159.jpg'
51,에이스렌트카,주사업장,제주특별자치도 제주시 다호북길 150,제주특별자치도 제주시 도두이동 968-1,33.50311513,126.482243,제주특별자치도 제주시 외도일동 445-5,,,138,133,5,25,0,8:00,20:00,8:00,20:00,http://www.acerent.co.kr/,064-722-7373,2022-12-01,,3.2,2.3,
52,오라렌트카,주사업장,제주특별자치도 제주시 제성1길 67,제주특별자치도 제주시 도두일동 1168,33.49742874,126.4798388,제주특별자치도 제주시 도두2동 1106-1,,,233,220,13,23,0,8:00,20:00,8:00,20:00,,064-746-0700,2022-12-01,,,2.1,
53,제주삼성렌트카,주사업장,제주특별자치도 제주시 제성1길 75,제주특별자치도 제주시 도두일동 1175-1,33.49842138,126.4788297,제주특별자치도 제주시 도두1동 1173-2,,,176,170,6,0,0,8:00,20:00,8:00,20:00,http://samsungrent.kr/,064-745-7070,2022-12-01,4.15,3.3,1.5,https://search.pstatic.net/common/?autoRotate=true&amp;type=w560_sharpen&amp;src=https%3A%2F%2Fldb-phinf.pstatic.net%2F20220406_33%2F1649220105114xS24g_JPEG%2F8.jpg'
54,예스렌트카,주사업장,제주특별자치도 제주시 오일장중길 117,제주특별자치도 제주시 도두일동 1376-1,33.50007197,126.4778773,제주특별자치도 제주시 도두1동 1375-2,,,332,324,8,108,0,8:00,20:00,8:00,20:00,https://www.yesrentacar.co.kr/,064-749-8080,2022-12-01,4.19,2.8,2.1,https://search.pstatic.net/common/?autoRotate=true&amp;quality=95&amp;type=w750&amp;src=https%3A%2F%2Fldb-phinf.pstatic.net%2F20210112_117%2F1610427601517BUXMN_JPEG%2Fi51qz_MWFR8u9A6aTbxYzR8f.jpg'
55,제주한라렌트카,주사업장,제주특별자치도 제주시 다호길 126,제주특별자치도 제주시 용담이동 1922-3,33.50269801,126.4939077,제주특별자치도 제주시 용담삼동 2262,,,130,125,5,18,0,8:00,20:00,8:00,20:00,http://www.hallarentcar.com/,064-711-9393,2022-12-01,,3.9,4.3,
56,제주자연렌트카,주사업장,제주특별자치도 제주시 연미길 53,제주특별자치도 제주시 오라이동 2826-1,33.4884685,126.5055299,제주특별자치도 제주시 용담3동 2220-1,,,150,140,10,30,0,8:00,20:00,8:00,20:00,,064-742-0003,2022-12-01,4.2,,,
57,디렌트카,주사업장,제주특별자치도 제주시 다호7길 28,제주특별자치도 제주시 용담이동 1942,33.50288072,126.4929938,제주특별자치도 제주시 도두일동 1364,,,142,138,4,0,0,8:00,20:00,8:00,20:00,http://www.drentcar.com,064-745-7730,2022-12-01,3.82,4.3,3.7,https://search.pstatic.net/common/?autoRotate=true&amp;type=w560_sharpen&amp;src=https%3A%2F%2Fldb-phinf.pstatic.net%2F20211010_197%2F1633833612560hRPau_JPEG%2FAPvDL3ZelbneB6Hhz9L0wfjT.jpg'
58,제주카카오렌트카,주사업장,제주특별자치도 제주시 오일장중길 128,제주특별자치도 제주시 도두이동 1108-4,33.49976722,126.4800178,제주특별자치도 제주시 도두이동 1003,,,405,399,6,57,0,8:00,20:00,8:00,20:00,http://www.kakaojeju.com/,064-744-1116,2022-12-01,3.96,,,
59,하이제주렌트카,주사업장,제주특별자치도 제주시 신성마을길 112,제주특별자치도 제주시 도두이동 382-1,33.5024287,126.4862385,제주특별자치도 제주시 도두일동 1550-1,,,195,195,0,19,0,8:00,20:00,8:00,20:00,https://www.hirentacar.kr,064-794-2222,2022-12-01,,,,
60,제주명품렌트카,주사업장,제주특별자치도 제주시 어영길 30,제주특별자치도 제주시 용담삼동 1181-5,33.51777868,126.496023,제주특별자치도 제주시 외도일동 475-1,,,155,155,0,37,0,8:00,20:00,8:00,20:00,http://www.jejuluxuryrent.com/,064-742-0087,2022-12-01,4.2,,2.3,https://search.pstatic.net/common/?autoRotate=true&amp;type=w560_sharpen&amp;src=https%3A%2F%2Fldb-phinf.pstatic.net%2F20150901_30%2F1441036760339kr48U_JPEG%2F20139534_0.jpg'
61,씨유렌트카,주사업장,제주특별자치도 제주시 오일장중길 117,제주특별자치도 제주시 도두일동 1375-2,33.50007197,126.4778773,제주특별자치도 제주시 한림읍 명월리 1524,,,157,148,9,0,0,8:00,21:30,8:00,21:30,http://www.seeurentcar.com/,064-742-7900,2022-12-01,,2.8,1.5,
62,제주엔젤렌트카,주사업장,제주특별자치도 제주시 도령로 171-1,제주특별자치도 제주시 용담이동 1815,33.49636863,126.4929515,제주특별자치도 제주시 도령로 171-1,,,270,268,2,43,0,8:00,22:00,8:00,22:00,https://blog.naver.com/jejuangel7,064-744-1401,2022-12-01,4.16,4,,https://search.pstatic.net/common/?autoRotate=true&amp;type=w560_sharpen&amp;src=https%3A%2F%2Fldb-phinf.pstatic.net%2F20201229_83%2F1609225968068E0CWY_JPEG%2Fi88jjn7kM7ooeFYFUPktP88z.jpg'
63,오렌지렌트카,주사업장,제주특별자치도 제주시 연미길 103,제주특별자치도 제주시 연동 353-1,33.48571932,126.5019159,제주특별자치도 제주시 용담3동 2240,,,160,154,6,28,0,8:00,20:00,8:00,20:00,https://orangerent.modoo.at/,064-712-0091,2022-12-01,,2.5,2.1,
64,로그인렌트카,주사업장,제주특별자치도 제주시 다호북길 111,제주특별자치도 제주시 도두이동 414-5,33.50268813,126.4865317,제주특별자치도 제주시 이호1동 313-5,,,424,384,40,30,0,8:00,20:00,8:00,20:00,http://www.loginrentacar.com/,064-742-9400,2022-12-01,3.87,,1.9,https://search.pstatic.net/common/?autoRotate=true&amp;quality=95&amp;type=w750&amp;src=https%3A%2F%2Fldb-phinf.pstatic.net%2F20210823_10%2F1629710044482eckyq_PNG%2FeeQ_ran05ho1Vry9YxyfpDML.png'
65,씨카,주사업장,제주특별자치도 제주시 다호북길 111,제주특별자치도 제주시 도두이동 414-5,33.50268813,126.4865317,제주특별자치도 제주시 노형동 3065-13,,,100,95,5,0,0,8:00,20:00,8:00,20:00,,064-742-9400,2022-12-01,,,,
66,제주에코렌트카,주사업장,제주특별자치도 제주시 제성1길 67,제주특별자치도 제주시 도두일동 1168,33.49742874,126.4798388,제주특별자치도 제주시 도두1동 1376-1,,,271,248,23,53,0,1:00,23:59,1:00,23:59,http://www.jejusea.com,064-746-5678,2022-12-01,,3.3,1.8,
67,자유렌터카,주사업장,제주특별자치도 제주시 오일장중길 117,제주특별자치도 제주시 도두일동 1375-2,33.50007197,126.4778773,제주특별자치도 제주시 도두1동 1177-4,,,159,156,3,25,0,8:00,20:00,8:00,20:00,http://www.jyrentcar.com,064-742-7901,2022-12-01,,,,
68,수렌트카,주사업장,제주특별자치도 제주시 서광로 94,제주특별자치도 제주시 오라삼동 2337-2,33.50002705,126.5065139,제주특별자치도 제주시 오라2동 204,,,125,125,0,0,0,8:00,20:00,8:00,20:00,http://www.soorent.com,064-742-7100,2022-12-01,4.44,4.2,3.3,https://search.pstatic.net/common/?autoRotate=true&amp;type=w560_sharpen&amp;src=https%3A%2F%2Fldb-phinf.pstatic.net%2F20201203_22%2F1606977230432wcr8U_JPEG%2FfHWqXFGRY2g1m7cnSQ2XuCy4.jpg'
69,제주카카,주사업장,제주특별자치도 제주시 도령로 171-1,제주특별자치도 제주시 용담이동 1815,33.49636863,126.4929515,제주특별자치도 제주시 도련일동 919-1,,,220,215,5,13,0,8:00,20:00,8:00,20:00,http://www.jejukaka.com/,1566-0880,2022-12-01,4.19,3.6,,https://search.pstatic.net/common/?autoRotate=true&amp;type=w560_sharpen&amp;src=https%3A%2F%2Fldb-phinf.pstatic.net%2F20150901_170%2F1441084750131I5rJS_JPEG%2F156073544962061_0.jpeg'
70,땡큐제주렌트카,주사업장,제주특별자치도 제주시 서해안로 620-13,제주특별자치도 제주시 용담삼동 1032-3,33.51553575,126.5033993,제주특별자치도 제주시 용담3동 1010-1,,,310,297,13,9,0,8:00,20:00,8:00,20:00,https://thankyoujejurentcar.co.kr/,064-746-8300,2022-12-01,4.11,3.6,2.7,
71,뉴제주콜렌트카,주사업장,제주특별자치도 제주시 서광로 110,제주특별자치도 제주시 오라삼동 2401-3,33.49975432,126.5079434,제주특별자치도 제주시 용담3동 2240,,,119,119,0,0,0,8:00,20:00,8:00,20:00,,064-742-7100,2022-12-01,,,,
72,제주다움렌터카,주사업장,제주특별자치도 제주시 어영길 42,제주특별자치도 제주시 용담삼동 1200-1,33.51795802,126.4973789,제주특별자치도 제주시 용담3동 1181-1,,,435,422,13,47,0,8:00,20:00,8:00,20:00,https://www.daumrent.com/,064-745-0404,2022-12-01,,3.7,2.6,
73,로얄렌트카,주사업장,제주특별자치도 제주시 오일장중길 117,제주특별자치도 제주시 도두일동 1376-1,33.50007197,126.4778773,제주특별자치도 제주시 도두이동 1003,,,170,155,15,25,0,8:00,19:00,8:00,19:00,,064-749-0002,2022-12-01,,,1,
74,블루렌트카,주사업장,제주특별자치도 제주시 용문로 48,제주특별자치도 제주시 용담이동 731,33.50408533,126.5013669,제주특별자치도 제주시 용담2동 1726-1,,,486,485,1,18,0,8:00,20:00,8:00,20:00,http://jejubluerent.com/,064-713-5600,2022-12-01,3.98,3.2,1.9,https://search.pstatic.net/common/?autoRotate=true&amp;type=w560_sharpen&amp;src=https%3A%2F%2Fldb-phinf.pstatic.net%2F20200917_228%2F1600324486948gS4XK_JPEG%2FgB_yJyRlvpdMlazo4BU_AE7y.jpg'
75,로보트렌트카,주사업장,제주특별자치도 제주시 오일장중길 117,제주특별자치도 제주시 도두일동 1375-2,33.50007197,126.4778773,제주특별자치도 제주시 도두일동 1173-2,,,101,100,1,0,0,8:00,20:00,8:00,20:00,http://jejurobot.com/,064-711-0428,2022-12-01,,,2.1,https://search.pstatic.net/common/?autoRotate=true&amp;type=w560_sharpen&amp;src=https%3A%2F%2Fldb-phinf.pstatic.net%2F20191119_220%2F15741532751138oAax_JPEG%2F%25B7%25CE%25B0%25ED.jpg'
76,베스트,주사업장,제주특별자치도 제주시 신성마을길 112,제주특별자치도 제주시 도두이동 382-1,33.5024287,126.4862385,제주특별자치도 제주시 오라2동 1521-5,,,136,131,5,13,0,8:00,20:00,8:00,20:00,,064-711-8801,2022-12-01,,,1,
77,제주알프스렌트카,주사업장,제주특별자치도 제주시 연미3길 4,제주특별자치도 제주시 오라이동 2093-1,33.48962059,126.5066582,제주특별자치도 제주시 오라이동 2093-1,,,201,198,3,19,0,8:00,20:00,8:00,20:00,http://www.jejualps.co.kr/,064-744-0899,2022-12-01,4.17,3.6,2.9,
78,제주파워렌트카,주사업장,제주특별자치도 제주시 제성1길 67,제주특별자치도 제주시 도두일동 1168,33.49742874,126.4798388,제주특별자치도 제주시 도두2동 1002-1,,,152,152,0,20,0,8:00,20:00,8:00,20:00,http://jejupowerrent.com/,064-748-8787,2022-12-01,4.14,,1,https://search.pstatic.net/common/?autoRotate=true&amp;type=w560_sharpen&amp;src=https%3A%2F%2Fldb-phinf.pstatic.net%2F20170412_237%2F1491956860429bfmfx_JPEG%2F186274544745389_0.jpeg'
79,제주공항전기차,주사업장,제주특별자치도 제주시 덕지4길 37,제주특별자치도 제주시 이호이동 1562-2,33.49330355,126.4552165,제주특별자치도 제주시 오광로 26,,,222,216,6,94,0,8:00,20:00,8:00,20:00,,064-749-8877,2022-12-01,,,,
80,우도전기렌트카,주사업장,제주특별자치도 제주시 우도면 우도해안길 372,제주특별자치도 제주시 우도면 연평리 2389,33.51090395,126.9436272,제주특별자치도 제주시 우도면 연평리 2389,,,100,100,0,98,0,8:00,20:00,8:00,20:00,https://udoecar.modoo.at,064-783-3355,2022-12-01,4.28,3.5,2.3,https://search.pstatic.net/common/?autoRotate=true&amp;type=w560_sharpen&amp;src=https%3A%2F%2Fldb-phinf.pstatic.net%2F20170317_49%2F1489730398792WL6aE_JPEG%2F186265536163991_0.jpeg'
81,제주아이렌트카,주사업장,제주특별자치도 제주시 도령로 171-1,제주특별자치도 제주시 용담이동 1815,33.49636863,126.4929515,제주특별자치도 제주시 도령로 171-1,,,115,115,0,19,0,8:00,20:00,8:00,20:00,,064-748-7799,2022-12-01,,,,
82,라인렌트카,주사업장,제주특별자치도 제주시 용문로 48,제주특별자치도 제주시 용담이동 731,33.50408533,126.5013669,제주특별자치도 제주시 용문로 48,,,218,218,0,10,0,8:00,20:00,8:00,20:00,http://linerentcar.com/,064-713-5600,2022-12-01,4.06,3.5,2.6,https://search.pstatic.net/common/?autoRotate=true&amp;type=w560_sharpen&amp;src=https%3A%2F%2Fldb-phinf.pstatic.net%2F20200910_55%2F1599715860343Wjan5_JPEG%2FgVko1JdZd5zdTMlIihs5KP7r.jpg'
83,자보렌트카,주사업장,제주특별자치도 제주시 선반로 93,제주특별자치도 제주시 화북일동 2155-1,33.51559197,126.5681039,제주특별자치도 제주시 선반로 93,,,105,102,3,9,0,8:00,20:00,8:00,20:00,http://www.carmap.co.kr/web/mplus/jumpo/mview.php?aid=%EC%9E%90%EB%B3%B4%EB%A0%8C%ED%8A%B8%EC%B9%B4%E3%88%9C&ACODE=carrental&sigun=6500000&gugun=6510000,064-749-5657,2022-12-01,,,,
84,제주원렌트카,주사업장,제주특별자치도 제주시 용해로 58-7,제주특별자치도 제주시 용담이동 920-8,33.51176421,126.5024762,제주특별자치도 제주시 용담2동 920-6,,,187,182,5,10,0,8:00,20:00,8:00,20:00,https://www.jejuonecar.kr/,064-746-1101,2022-12-01,4.36,,2.7,https://search.pstatic.net/common/?autoRotate=true&amp;type=w560_sharpen&amp;src=https%3A%2F%2Fldb-phinf.pstatic.net%2F20221003_59%2F1664800267656O3laQ_PNG%2Fone_place.png'
85,매일렌트카,주사업장,제주특별자치도 제주시 용해로 58-15,제주특별자치도 제주시 용담이동 917-11,33.51181759,126.5021628,제주특별자치도 제주시 용해로 58-15,,,103,95,8,3,0,8:00,20:00,8:00,20:00,http://www.maeilrentcar.com/home/main/main.do?,064-744-1472,2022-12-01,,3.9,4.7,
86,비비카,주사업장,제주특별자치도 제주시 도령로 171-1,제주특별자치도 제주시 용담이동 1815,33.49636863,126.4929515,제주특별자치도 제주시 도령로 171-1,,,115,111,4,20,0,8:00,20:00,8:00,20:00,http://carmap.co.kr/web/mplus/jumpo/mview.php?aid=%E3%88%9C%EB%B9%84%EB%B9%84%EC%B9%B4&ACODE=carrental&sigun=6500000&gugun=6520000,064-747-1200,2022-12-01,,,,
87,제주유레카,주사업장,제주특별자치도 제주시 어영길 20,제주특별자치도 제주시 용담삼동 1175-1,33.51815022,126.4954018,제주특별자치도 제주시 용담3동 1177,,,100,100,0,0,0,8:00,20:00,8:00,20:00,,064-901-8008,2022-12-01,4.25,3.8,,https://search.pstatic.net/common/?autoRotate=true&amp;type=w560_sharpen&amp;src=https%3A%2F%2Fldb-phinf.pstatic.net%2F20211207_91%2F1638840139379lEqN9_JPEG%2F2.jpg'
88,스마일렌트카,주사업장,제주특별자치도 제주시 오일장서길 63,제주특별자치도 제주시 도두일동 2246-2,33.49713957,126.4719683,제주특별자치도 제주시 도두일동 2243-1,,,100,100,0,36,0,8:00,20:00,8:00,20:00,,064-727-2000,2022-12-01,,,,
89,녹원렌터카,주사업장,제주특별자치도 제주시 오일장서길 75,제주특별자치도 제주시 도두일동 2235,33.49793735,126.4712601,제주특별자치도 제주시 애월읍 유수암리 1529,,,100,98,2,5,0,8:00,20:00,8:00,20:00,https://jejunwrent.modoo.at/,064-747-3339,2022-12-01,3.25,,2.4,
90,제주보고타렌트카,주사업장,제주특별자치도 제주시 일주서로 7861,제주특별자치도 제주시 연동 1979,33.4940905,126.4865171,제주특별자치도 제주시 도두1동 1291-1,,,100,99,1,6,0,8:00,20:00,8:00,20:00,http://jejubogota.com,064-749-8553,2022-12-01,4.12,3.8,2.3,https://search.pstatic.net/common/?autoRotate=true&amp;quality=95&amp;type=w750&amp;src=https%3A%2F%2Fldb-phinf.pstatic.net%2F20190916_210%2F1568607086364K84ut_JPEG%2FZBvFNZlWHu4w6xiKSF1IY5fx.jpeg.jpg'
91,플러스제주렌트카,주사업장,제주특별자치도 제주시 제성1길 28-1,제주특별자치도 제주시 도두이동 1157-5,33.49610385,126.4830713,제주특별자치도 제주시 도두1동 1377-2,,,239,231,8,0,0,8:00,20:00,8:00,20:00,,064-749-8080,2022-12-01,,,,
92,레인보우모빌리티,주사업장,제주특별자치도 제주시 연삼로 145,제주특별자치도 제주시 오라삼동 2142,33.49331629,126.507731,제주특별자치도 제주시 노형동 2822,,,180,180,0,5,0,8:00,20:00,8:00,20:00,,064-749-8853,2022-12-01,,,,
93,디알,주사업장,제주특별자치도 제주시 어영길 20,제주특별자치도 제주시 용담삼동 1175-1,33.51815022,126.4954018,제주특별자치도 제주시 용담삼동 1175-1,,,150,136,14,0,0,8:00,20:00,8:00,20:00,,064-712-2657,2022-12-01,,,,
94,제주이브이전기렌트카,주사업장,제주특별자치도 제주시 공항로1길 38-1,제주특별자치도 제주시 용담이동 727-6,33.50329183,126.5004419,제주특별자치도 제주시 해안동 855-8,,,60,60,0,60,0,8:00,20:00,8:00,20:00,,064-711-5911,2022-12-01,,,,
95,제이공항렌트카,주사업장,제주특별자치도 제주시 덕지4길 37,제주특별자치도 제주시 이호이동 1562-2,33.49330355,126.4552165,제주특별자치도 제주시 이호이동 1058,,,70,70,0,8,0,8:00,20:00,8:00,20:00,,064-744-2117,2022-12-01,,,,
96,제이테크인,주사업장,제주특별자치도 제주시 다호북길 111,제주특별자치도 제주시 도두이동 414-5,33.50268813,126.4865317,제주특별자치도 제주시 이호1동 313-5,,,60,60,0,60,0,8:00,20:00,8:00,20:00,,064-742-9400,2022-12-01,,,,
97,금강렌트카,주사업장,제주특별자치도 제주시 연미길 53,제주특별자치도 제주시 오라이동 2826-1,33.4884685,126.5055299,제주특별자치도 제주시 용담3동 2220-1,,,169,169,0,31,0,8:00,20:00,8:00,20:00,https://jejurenlove.modoo.at/,064-749-2900,2022-12-01,,2.4,3.3,
98,하이렌터카,주사업장,제주특별자치도 제주시 용화로 1,제주특별자치도 제주시 용담이동 883-4,33.51009507,126.5036376,제주특별자치도 제주시 한림읍 협재리 569-1,,,100,100,0,5,0,8:00,20:00,8:00,20:00,,064-746-1101,2022-12-01,4.37,1,,https://search.pstatic.net/common/?autoRotate=true&amp;type=w560_sharpen&amp;src=https%3A%2F%2Fldb-phinf.pstatic.net%2F20220919_25%2F1663570357068t7Cpi_PNG%2Fhi_place.png'
99,국제렌트카,주사업장,제주특별자치도 제주시 오일장서길 63,제주특별자치도 제주시 도두일동 2246-2,33.49713957,126.4719683,제주특별자치도 제주시 도두일동 2246-1,,,100,100,0,25,0,8:00,20:00,8:00,20:00,,064-727-2000,2022-12-01,,,,
100,신동아렌트카,주사업장,제주특별자치도 제주시 억삼길 10,제주특별자치도 제주시 이호이동 170-6,33.49330171,126.467781,제주특별자치도 제주시 억삼길 10,,,105,105,0,0,0,8:00,20:00,8:00,20:00,http://shindonga.co.kr/,064-901-1100,2022-12-01,,4.1,4.1,https://search.pstatic.net/common/?autoRotate=true&amp;quality=95&amp;type=w750&amp;src=https%3A%2F%2Fldb-phinf.pstatic.net%2F20200404_261%2F15859848714411GsiV_PNG%2Fvt51cOtxh_1T4nl1KOi2tDTY.png'
101,에스티홀딩스,주사업장,제주특별자치도 제주시 용문로 94,제주특별자치도 제주시 용담이동 2731-2,33.50394867,126.506435,제주특별자치도 제주시 용담2동 1554-1,,,335,335,0,0,0,8:00,20:00,8:00,20:00,,064-723-3348,2022-12-01,,,,
102,일출렌터카,주사업장,제주특별자치도 제주시 공항로 5,제주특별자치도 제주시 용담이동 1588-2,33.50482039,126.4967932,제주특별자치도 제주시 용담3동 965,,,100,100,0,5,0,8:00,20:00,8:00,20:00,,064-805-8780,2022-12-01,,,,
103,소풍렌트카,주사업장,제주특별자치도 제주시 제성1길 28-1,제주특별자치도 제주시 도두이동 1157-5,33.49610385,126.4830713,제주특별자치도 제주시 도두1동 1173-1,,,202,199,3,0,0,8:00,20:00,8:00,20:00,,064-746-3500,2022-12-01,,,,
104,제주동백렌트카,주사업장,제주특별자치도 제주시 오광로 24,제주특별자치도 제주시 이호이동 1563,33.493334,126.455813,제주특별자치도 제주시 고하상로 412-2,,,141,141,0,20,0,8:00,20:00,8:00,20:00,,064-744-4800,2022-12-01,,,,
105,롯데렌탈,영업소,제주특별자치도 제주시 용해로 92,제주특별자치도 제주시 용담이동 855,33.50895004,126.5014788,제주특별자치도 제주시 용담이동 851,,,2395,2223,172,193,0,8:00,20:00,8:00,20:00,https://www.lotterentacar.net/hp/kor/main/index.do,064-751-8000,2022-12-01,4.41,4.3,3.8,https://search.pstatic.net/common/?autoRotate=true&amp;quality=95&amp;type=w750&amp;src=https%3A%2F%2Fldb-phinf.pstatic.net%2F20150820_82%2F1440035068922dFu3Q_JPEG%2FSUBMIT_1440035063241_11704744.jpg'
106,차세대,영업소,제주특별자치도 제주시 명신1길 19,제주특별자치도 제주시 용담이동 707-6,33.50003101,126.5009065,제주특별자치도 서귀포시 대정읍 상모리 419,,,135,127,8,22,0,8:00,20:00,8:00,20:00,,064-711-9030,2022-12-01,,,3.4,
107,에스케이렌터카(SK),영업소,제주특별자치도 제주시 용문로 62,제주특별자치도 제주시 용담이동 737-6,33.50343756,126.5019336,제주특별자치도 제주시 용담3동 2240,,,2947,2812,135,899,0,8:00,20:00,8:00,20:00,https://www.skcarrental.com/rent/index.do,064-726-6461,2022-12-01,4.46,4.3,3.5,https://search.pstatic.net/common/?autoRotate=true&amp;quality=95&amp;type=w750&amp;src=https%3A%2F%2Fldb-phinf.pstatic.net%2F20200219_214%2F158207899300840BCq_JPEG%2FbvYCRAaGH-tkBACXPnqvwGAa.jpg'
108,경동,영업소,제주특별자치도 제주시 신대로 45,제주특별자치도 제주시 연동 300-8,33.4932207,126.4972165,제주특별자치도 서귀포시 표선면 하천리 1174,,,100,97,3,1,0,8:00,20:00,8:00,20:00,,064-744-7475,2022-12-01,,,,https://search.pstatic.net/common/?autoRotate=true&amp;type=w560_sharpen&amp;src=https%3A%2F%2Fldb-phinf.pstatic.net%2F20190122_120%2F1548138263157DuI6R_JPEG%2FtEv8vD3hGdtp5C_cyxIAJl3n.jpg'
109,레드캡,영업소,제주특별자치도 제주시 다호길 130,제주특별자치도 제주시 용담이동 1963-4,33.50320226,126.4939939,제주특별자치도 제주시 연동 2456,,,620,597,23,101,0,8:00,20:00,8:00,20:00,https://blog.naver.com/redcapstory,064-803-0391,2022-12-01,4.37,,4.5,https://search.pstatic.net/common/?autoRotate=true&amp;type=w560_sharpen&amp;src=https%3A%2F%2Fldb-phinf.pstatic.net%2F20211215_270%2F1639528944413haThl_JPEG%2FKakaoTalk_20211214_180322543_02.jpg'
110,제주스타렌탈,영업소,제주특별자치도 제주시 용문로 20,제주특별자치도 제주시 용담이동 1524-12,33.50489244,126.4983969,제주특별자치도 제주시 용담2동 1524-12,,,100,100,0,0,0,8:00,20:00,8:00,20:00,https://jejustar.co.kr/,064-759-3372,2022-12-01,4.22,4,2,https://search.pstatic.net/common/?autoRotate=true&amp;type=w560_sharpen&amp;src=https%3A%2F%2Fldb-phinf.pstatic.net%2F20210723_22%2F1627021217636te7hf_JPEG%2FD8NAHZBNqrzp2qmiKGTzdbDi.jpg'
111,제주제일렌터카,영업소,제주특별자치도 제주시 월성로4길 78,제주특별자치도 제주시 용담이동 1730-4,33.49842798,126.4982067,제주특별자치도 제주시 애월읍 상귀리 679-1,,,170,156,14,4,0,8:00,20:00,8:00,20:00,http://jejubestrent.com/,064-747-5670,2022-12-01,,,4.7,
112,해피네트웍스,영업소,제주특별자치도 제주시 일주서로 7581,제주특별자치도 제주시 이호이동 1606,33.49576,126.456506,제주특별자치도 제주시 노형동 3744-4,,,414,398,16,0,0,8:00,20:00,8:00,20:00,,064-711-7935,2022-12-01,,,3.8,
113,퍼시픽렌트카,영업소,제주특별자치도 제주시 월성로4길 74-12,제주특별자치도 제주시 용담이동 1673-1,33.49935489,126.4984473,제주특별자치도 제주시 일주서로 7822,,,393,341,52,10,0,8:00,20:00,8:00,20:00,http://www.pacificrentcar.co.kr/main.asp?,064-747-1541,2022-12-01,3.54,3.2,1.6,https://search.pstatic.net/common/?autoRotate=true&amp;quality=95&amp;type=w750&amp;src=https%3A%2F%2Fldb-phinf.pstatic.net%2F20150925_159%2F1443163071493w2PlH_JPEG%2F166872567143551_0.jpeg'
