업체명,사업장구분,소재지도로명주소,소재지지번주소,위도,경도,차고지도로명주소,차고지지번주소,보유차고지수용능력,자동차총보유대수,승용차보유대수,승합차보유대수,전기승용자동차보유대수,전기승합자동차보유대수,경차요금,소형차요금,중형차요금,대형차요금,승합차요금,레저용차요금,수입차요금,평일운영시작시각,평일운영종료시각,주말운영시작시각,주말운영종료시각,공휴일운영시작시각,공휴일운영종료시각,휴무일,홈페이지주소,대표자명,전화번호,데이터기준일자
㈜에스카,주사업장,제주특별자치도 제주시 연미길 42,제주특별자치도 제주시 오라삼동 2854-2,33.49016975,126.5055828,제주특별자치도 제주시 연미길 42,,,227,227,0,0,0,,,,,,,,7:45,20:00,,,,,,,,070-4352-5515,2022-12-01
㈜인터파크렌터카,주사업장,제주특별자치도 제주시 용문로 88,제주특별자치도 제주시 용담이동 2739,33.50344275,126.5051858,제주특별자치도 제주시 용문로 88,,,212,205,7,0,0,,,,,,,,7:45,20:00,,,,,,,,064-743-1515,2022-12-01
㈜아리랑,주사업장,제주특별자치도 제주시 용마서길 34,제주특별자치도 제주시 용담삼동 970-3,33.51495663,126.5020669,제주특별자치도 제주시 용담3동 969-3,,,534,511,23,75,0,,,,,,,,7:45,20:00,,,,,,,,064-749-2139,2022-12-01
㈜제주아산렌트카,주사업장,제주특별자치도 제주시 연미길 44,제주특별자치도 제주시 오라삼동 2853-1,33.48978769,126.5057948,제주특별자치도 제주시 오라3동 2853-1,,,173,171,2,6,0,,,,,,,,7:45,20:00,,,,,,,,064-743-9991,2022-12-01
한국렌트카㈜,주사업장,제주특별자치도 제주시 연미길 53,제주특별자치도 제주시 오라이동 2826-1,33.4884685,126.5055299,제주특별자치도 제주시 연미길 53,,,238,238,0,11,0,,,,,,,,7:45,20:00,,,,,,,,064-748-5005,2022-12-01
㈜탐라렌트카,주사업장,제주특별자치도 제주시 공항로 5,제주특별자치도 제주시 용담이동 1588-2,33.50482039,126.4967932,제주특별자치도 제주시 용담2동 593-6,,,498,469,29,111,0,,,,,,,,7:45,20:00,,,,,,,,064-742-3300,2022-12-01
㈜써니빌렌트카,주사업장,제주특별자치도 제주시 오광로 156,제주특별자치도 제주시 노형동 3692,33.48257951,126.4626128,제주특별자치도 제주시 노형동 3692,,,121,116,5,8,0,,,,,,,,7:45,20:00,,,,,,,,064-748-1600,2022-12-01
㈜용두암렌트카,주사업장,제주특별자치도 제주시 용해로 74,제주특별자치도 제주시 용담이동 881-12,33.51067003,126.5030807,제주특별자치도 제주시 용담2동 905-5,,,241,227,14,23,0,,,,,,,,7:45,20:00,,,,,,,,064-711-0388,2022-12-01
㈜장수렌트카,주사업장,제주특별자치도 제주시 월광로 154,제주특별자치도 제주시 노형동 1156-4,33.49187675,126.474137,제주특별자치도 제주시 노형동 1235-1,,,100,93,7,0,0,,,,,,,,7:45,20:00,,,,,,,,064-746-8400,2022-12-01
㈜가자제주렌트카,주사업장,제주특별자치도 제주시 월성로4길 76-2,제주특별자치도 제주시 용담이동 1721-2,33.49853357,126.4976974,제주특별자치도 제주시 월성로4길 76-2,,,138,132,6,1,0,,,,,,,,7:45,20:00,,,,,,,,064-744-2002,2022-12-01
오름렌트카㈜,주사업장,제주특별자치도 제주시 연미길 12,제주특별자치도 제주시 오라삼동 2104-3,33.49198895,126.5074991,제주특별자치도 제주시 오라3동 2104-1,,,225,221,4,0,0,,,,,,,,7:45,20:00,,,,,,,,064-712-8570,2022-12-01
제주렌트카㈜,주사업장,제주특별자치도 제주시 용문로 8,제주특별자치도 제주시 용담이동 1531-1,33.50499435,126.4971834,제주특별자치도 제주시 용담2동 1531-1,,,1162,1144,18,40,0,,,,,,,,7:45,20:00,,,,,,,,064-735-3412,2022-12-01
㈜제주오케이렌터카,주사업장,제주특별자치도 제주시 용문로 64,제주특별자치도 제주시 용담이동 737-3,33.50365166,126.5030255,제주특별자치도 제주시 용담3동 958,,,820,795,25,0,0,,,,,,,,7:45,20:00,,,,,,,,064-743-4000,2022-12-01
㈜뉴제주렌터카,주사업장,제주특별자치도 제주시 용해로 80-7,제주특별자치도 제주시 용담이동 859,33.50992796,126.5025689,제주특별자치도 제주시 용담3동 1274-2,,,217,216,1,40,0,,,,,,,,7:45,20:00,,,,,,,,064-747-6869,2022-12-01
㈜굿모닝렌트카,주사업장,제주특별자치도 제주시 월성로4길 74-22,제주특별자치도 제주시 용담이동 1677-1,33.49999599,126.4974177,제주특별자치도 제주시 용담2동 1677-1,,,128,122,6,54,0,,,,,,,,7:45,20:00,,,,,,,,064-742-8003,2022-12-01
(유)제주공항렌트카,주사업장,제주특별자치도 제주시 오광로 24,제주특별자치도 제주시 이호이동 1563,33.49333728,126.455813,제주특별자치도 제주시 이호2동 1402-2,,,267,245,22,51,0,,,,,,,,7:45,20:00,,,,,,,,064-744-4800,2022-12-01
메트로렌트카㈜,주사업장,제주특별자치도 제주시 억삼길 10,제주특별자치도 제주시 이호이동 170-6,33.49330171,126.467781,제주특별자치도 제주시 억삼길 10,,,110,105,5,0,0,,,,,,,,7:45,20:00,,,,,,,,064-712-6555,2022-12-01
㈜한길렌터카,주사업장,제주특별자치도 제주시 우정로 88,제주특별자치도 제주시 외도일동 636-4,33.48515863,126.4307142,제주특별자치도 제주시 외도1동 636-4,,,120,105,15,0,0,,,,,,,,7:45,20:00,,,,,,,,064-712-6161,2022-12-01
㈜대진렌트카,주사업장,제주특별자치도 제주시 공항로1길 38-1,제주특별자치도 제주시 용담이동 727-7,33.50324542,126.5004528,제주특별자치도 제주시 용담이동 747,,,142,133,9,10,0,,,,,,,,7:45,20:00,,,,,,,,064-712-9501,2022-12-01
㈜발리렌트카,주사업장,제주특별자치도 제주시 도리로 110,제주특별자치도 제주시 이호일동 315-9,33.50077621,126.4634847,제주특별자치도 제주시 이호1동 315-9,,,114,105,9,0,0,,,,,,,,7:45,20:00,,,,,,,,064-743-3727,2022-12-01
㈜렌트파크,주사업장,제주특별자치도 제주시 오일장중길 39,제주특별자치도 제주시 도두일동 2248-1,33.49638885,126.4721451,제주특별자치도 제주시 도두1동 2247,,,100,96,4,11,0,,,,,,,,7:45,20:00,,,,,,,,064-711-1666,2022-12-01
㈜하나렌트카,주사업장,제주특별자치도 제주시 성화로1길 5,제주특별자치도 제주시 용담이동 892-1,33.5103777,126.5043548,제주특별자치도 제주시 용담2동 2262,,,294,282,12,10,0,,,,,,,,7:45,20:00,,,,,,,,064-711-9611,2022-12-01
㈜행운렌트카,주사업장,제주특별자치도 제주시 용문로 48,제주특별자치도 제주시 용담이동 731,33.50408533,126.5013669,제주특별자치도 제주시 용문로 48,,,108,106,2,26,0,,,,,,,,7:45,20:00,,,,,,,,064-745-9119,2022-12-01
㈜제주사랑렌트카,주사업장,제주특별자치도 제주시 연미길 103,제주특별자치도 제주시 연동 353-1,33.48571932,126.5019159,제주특별자치도 제주시 연동 353-1,,,173,173,0,9,0,,,,,,,,7:45,20:00,,,,,,,,064-712-0091,2022-12-01
한라산렌트카㈜,주사업장,제주특별자치도 제주시 오일장중길 27,제주특별자치도 제주시 도두일동 2205,33.49579427,126.4708583,제주특별자치도 제주시 도두일동 2205,,,155,151,4,10,0,,,,,,,,7:45,20:00,,,,,,,,064-748-8222,2022-12-01
㈜특별한렌트카,주사업장,제주특별자치도 제주시 공항로1길 38,제주특별자치도 제주시 용담이동 727-6,33.50341319,126.5004025,제주특별자치도 제주시 용담2동 726-1,,,255,229,26,20,0,,,,,,,,7:45,20:00,,,,,,,,064-805-8005,2022-12-01
㈜올레렌트카,주사업장,제주특별자치도 제주시 논세길 74,제주특별자치도 제주시 내도동 135-3,33.48776205,126.4427326,제주특별자치도 제주시 내도동 135-5,,,185,173,12,55,0,,,,,,,,7:45,20:00,,,,,,,,064-743-7300,2022-12-01
㈜제주드림렌트카,주사업장,제주특별자치도 제주시 월성로4길 76-2,제주특별자치도 제주시 용담이동 1721-2,33.49853357,126.4976974,제주특별자치도 제주시 용담2동 1721-2,,,109,104,5,0,0,,,,,,,,7:45,20:00,,,,,,,,064-744-3939,2022-12-01
㈜제주여행렌트카,주사업장,제주특별자치도 제주시 연동11길 12,제주특별자치도 제주시 연동 282-45,33.48865014,126.4931364,제주특별자치도 제주시 애월읍 어음리 2473-2,,,119,94,25,4,0,,,,,,,,7:45,20:00,,,,,,,,064-711-6111,2022-12-01
㈜제주타요렌터카,주사업장,제주특별자치도 제주시 일주서로 7662,제주특별자치도 제주시 이호이동 200-4,33.49393107,126.4648609,제주특별자치도 제주시 이호2동 200-4,,,130,128,2,5,0,,,,,,,,7:45,20:00,,,,,,,,064-713-6000,2022-12-01
㈜좋은,주사업장,제주특별자치도 제주시 일주서로 7861,제주특별자치도 제주시 연동 1979,33.4940905,126.4865171,제주특별자치도 제주시 이호2동 802-4,,,220,206,14,16,0,,,,,,,,7:45,20:00,,,,,,,,064-748-1800,2022-12-01
㈜KD,주사업장,제주특별자치도 제주시 일주서로 7667,제주특별자치도 제주시 이호이동 193,33.49482339,126.4654714,제주특별자치도 제주시 이호2동 193,,,293,287,6,25,0,,,,,,,,7:45,20:00,,,,,,,,064-745-0753,2022-12-01
㈜제주평화렌트카,주사업장,제주특별자치도 제주시 용해로 119,제주특별자치도 제주시 용담이동 779-4,33.5070991,126.5056027,제주특별자치도 제주시 용담2동 631-10,,,150,139,11,9,0,,,,,,,,7:45,20:00,,,,,,,,064-742-9944,2022-12-01
(주)제주현대렌트카,주사업장,제주특별자치도 제주시 어영길 30,제주특별자치도 제주시 용담삼동 1181-5,33.51777868,126.496023,제주특별자치도 제주시 용담3동 1181-5,,,390,375,15,38,0,,,,,,,,7:45,20:00,,,,,,,,064-742-0087,2022-12-01
㈜쏘카,주사업장,제주특별자치도 제주시 연미길 42,제주특별자치도 제주시 오라삼동 2854-2,33.49016975,126.5055828,제주특별자치도 제주시 도두2동 159-3,,,369,369,0,94,0,,,,,,,,7:45,20:00,,,,,,,,070-4700-0231,2022-12-01
㈜썬렌트카,주사업장,제주특별자치도 제주시 오일장중길 115,제주특별자치도 제주시 도두일동 1374-4,33.49942586,126.4783182,제주특별자치도 제주시 도두1동 1374-4,,,303,287,16,9,0,,,,,,,,7:45,20:00,,,,,,,,064-773-8000,2022-12-01
㈜스마트렌트카,주사업장,제주특별자치도 제주시 오도11길 19,제주특별자치도 제주시 이호이동 1112-8,33.48962761,126.4600819,제주특별자치도 제주시 이호2동 1112-1,,,140,133,7,28,0,,,,,,,,7:45,20:00,,,,,,,,064-745-7272,2022-12-01
㈜무지개렌트카,주사업장,제주특별자치도 제주시 제성1길 30,제주특별자치도 제주시 도두이동 1158,33.49630979,126.4827287,제주특별자치도 제주시 도두이동 1151,,,1048,955,93,40,0,,,,,,,,7:45,20:00,,,,,,,,064-746-3500,2022-12-01
㈜뉴대한렌트카,주사업장,제주특별자치도 제주시 연미길 35,제주특별자치도 제주시 오라이동 2045-1,33.49033561,126.5066606,제주특별자치도 제주시 오라2동 2045-1,,,196,191,5,26,0,,,,,,,,7:45,20:00,,,,,,,,064-712-7811,2022-12-01
㈜우리렌트카,주사업장,제주특별자치도 제주시 다호북길 111,제주특별자치도 제주시 도두이동 414-5,33.50268813,126.4865317,제주특별자치도 제주시 도두1동 1550-1,,,134,121,13,0,0,,,,,,,,7:45,20:00,,,,,,,,064-745-9797,2022-12-01
㈜공항렌트카,주사업장,제주특별자치도 제주시 오광로 24,제주특별자치도 제주시 이호이동 1563,33.49333728,126.455813,제주특별자치도 제주시 이호2동 1563,,,174,173,1,20,0,,,,,,,,7:45,20:00,,,,,,,,064-745-4801,2022-12-01
㈜레츠고렌트카,주사업장,제주특별자치도 제주시 용해로 50,제주특별자치도 제주시 용담이동 941-8,33.51274767,126.5026348,제주특별자치도 제주시 용담2동 941-9,,,194,187,7,35,0,,,,,,,,7:45,20:00,,,,,,,,064-745-6566,2022-12-01
㈜퍼스트렌트카,주사업장,제주특별자치도 제주시 신성마을길 112,제주특별자치도 제주시 도두이동 382-1,33.5024287,126.4862385,제주특별자치도 제주시 신성마을길 112,,,190,190,0,51,0,,,,,,,,7:45,20:00,,,,,,,,064-744-0234,2022-12-01
㈜통일렌트카,주사업장,제주특별자치도 제주시 제성1길 30,제주특별자치도 제주시 도두이동 1158,33.49630979,126.4827287,제주특별자치도 제주시 도두이동 1158,,,237,233,4,0,0,,,,,,,,7:45,20:00,,,,,,,,064-745-4500,2022-12-01
㈜더쎄븐렌트카,주사업장,제주특별자치도 제주시 다호북길 105,제주특별자치도 제주시 도두이동 412-1,33.50325369,126.4869869,제주특별자치도 제주시 도두2동 412-1,,,137,132,1,12,0,,,,,,,,7:45,20:00,,,,,,,,064-763-0007,2022-12-01
㈜에스제이렌트카,주사업장,제주특별자치도 제주시 오일장중길 100,제주특별자치도 제주시 도두일동 1286-1,33.49845248,126.4770089,제주특별자치도 제주시 용담3동 2220-1,,,142,142,0,1,0,,,,,,,,7:45,20:00,,,,,,,,064-749-2900,2022-12-01
㈜메이저렌트카,주사업장,제주특별자치도 제주시 제성1길 67,제주특별자치도 제주시 도두일동 1168,33.49742874,126.4798388,제주특별자치도 제주시 도두1동 1379-3,,,173,158,15,20,0,,,,,,,,7:45,20:00,,,,,,,,064-743-1000,2022-12-01
㈜갤럭시렌터카,주사업장,제주특별자치도 제주시 오일장중길 128,제주특별자치도 제주시 도두이동 1108-4,33.49976722,126.4800178,제주특별자치도 제주시 도두2동 1106-1,,,339,328,11,49,0,,,,,,,,7:45,20:00,,,,,,,,064-744-1116,2022-12-01
㈜제주유명렌트카,주사업장,제주특별자치도 제주시 오일장중길 128,제주특별자치도 제주시 도두이동 1108-4,33.49976722,126.4800178,제주특별자치도 제주시 도두2동 1157-5,,,268,258,10,53,0,,,,,,,,7:45,20:00,,,,,,,,064-712-5100,2022-12-01
조아렌트카㈜,주사업장,제주특별자치도 제주시 오일장서길 63,제주특별자치도 제주시 도두일동 2246-2,33.49713957,126.4719683,제주특별자치도 제주시 도두1동 2243-1,,,380,366,14,57,0,,,,,,,,7:45,20:00,,,,,,,,064-727-2000,2022-12-01
㈜에이스렌트카,주사업장,제주특별자치도 제주시 다호북길 150,제주특별자치도 제주시 도두이동 968-1,33.50311513,126.482243,제주특별자치도 제주시 외도일동 445-5,,,138,133,5,25,0,,,,,,,,7:45,20:00,,,,,,,,064-722-7373,2022-12-01
㈜오라렌트카,주사업장,제주특별자치도 제주시 제성1길 67,제주특별자치도 제주시 도두일동 1168,33.49742874,126.4798388,제주특별자치도 제주시 도두2동 1106-1,,,233,220,13,23,0,,,,,,,,7:45,20:00,,,,,,,,064-746-0700,2022-12-01
(유)제주삼성렌트카,주사업장,제주특별자치도 제주시 제성1길 75,제주특별자치도 제주시 도두일동 1175-1,33.49842138,126.4788297,제주특별자치도 제주시 도두1동 1173-2,,,176,170,6,0,0,,,,,,,,7:45,20:00,,,,,,,,064-745-7070,2022-12-01
㈜예스렌트카,주사업장,제주특별자치도 제주시 오일장중길 117,제주특별자치도 제주시 도두일동 1376-1,33.50007197,126.4778773,제주특별자치도 제주시 도두1동 1375-2,,,332,324,8,108,0,,,,,,,,7:45,20:00,,,,,,,,064-749-8080,2022-12-01
㈜제주한라렌트카,주사업장,제주특별자치도 제주시 다호길 126,제주특별자치도 제주시 용담이동 1922-3,33.50269801,126.4939077,제주특별자치도 제주시 용담삼동 2262,,,130,125,5,18,0,,,,,,,,7:45,20:00,,,,,,,,064-711-9393,2022-12-01
㈜제주자연렌트카,주사업장,제주특별자치도 제주시 연미길 53,제주특별자치도 제주시 오라이동 2826-1,33.4884685,126.5055299,제주특별자치도 제주시 용담3동 2220-1,,,150,140,10,30,0,,,,,,,,7:45,20:00,,,,,,,,064-742-0003,2022-12-01
㈜디렌트카,주사업장,제주특별자치도 제주시 다호7길 28,제주특별자치도 제주시 용담이동 1942,33.50288072,126.4929938,제주특별자치도 제주시 도두일동 1364,,,142,138,4,0,0,,,,,,,,7:45,20:00,,,,,,,,064-745-7730,2022-12-01
(주)제주카카오렌트카,주사업장,제주특별자치도 제주시 오일장중길 128,제주특별자치도 제주시 도두이동 1108-4,33.49976722,126.4800178,제주특별자치도 제주시 도두이동 1003,,,405,399,6,57,0,,,,,,,,7:45,20:00,,,,,,,,064-744-1116,2022-12-01
㈜하이제주렌트카,주사업장,제주특별자치도 제주시 신성마을길 112,제주특별자치도 제주시 도두이동 382-1,33.5024287,126.4862385,제주특별자치도 제주시 도두일동 1550-1,,,195,195,0,19,0,,,,,,,,7:45,20:00,,,,,,,,064-794-2222,2022-12-01
㈜제주명품렌트카,주사업장,제주특별자치도 제주시 어영길 30,제주특별자치도 제주시 용담삼동 1181-5,33.51777868,126.496023,제주특별자치도 제주시 외도일동 475-1,,,155,155,0,37,0,,,,,,,,7:45,20:00,,,,,,,,064-742-0087,2022-12-01
㈜씨유렌트카,주사업장,제주특별자치도 제주시 오일장중길 117,제주특별자치도 제주시 도두일동 1375-2,33.50007197,126.4778773,제주특별자치도 제주시 한림읍 명월리 1524,,,157,148,9,0,0,,,,,,,,7:45,20:00,,,,,,,,064-742-7900,2022-12-01
㈜제주엔젤렌트카,주사업장,제주특별자치도 제주시 도령로 171-1,제주특별자치도 제주시 용담이동 1815,33.49636863,126.4929515,제주특별자치도 제주시 도령로 171-1,,,270,268,2,43,0,,,,,,,,7:45,20:00,,,,,,,,064-744-1401,2022-12-01
㈜오렌지렌트카,주사업장,제주특별자치도 제주시 연미길 103,제주특별자치도 제주시 연동 353-1,33.48571932,126.5019159,제주특별자치도 제주시 용담3동 2240,,,160,154,6,28,0,,,,,,,,7:45,20:00,,,,,,,,064-712-0091,2022-12-01
㈜로그인렌트카,주사업장,제주특별자치도 제주시 다호북길 111,제주특별자치도 제주시 도두이동 414-5,33.50268813,126.4865317,제주특별자치도 제주시 이호1동 313-5,,,424,384,40,30,0,,,,,,,,7:45,20:00,,,,,,,,064-742-9400,2022-12-01
㈜씨카,주사업장,제주특별자치도 제주시 다호북길 111,제주특별자치도 제주시 도두이동 414-5,33.50268813,126.4865317,제주특별자치도 제주시 노형동 3065-13,,,100,95,5,0,0,,,,,,,,7:45,20:00,,,,,,,,064-742-9400,2022-12-01
㈜제주에코렌트카,주사업장,제주특별자치도 제주시 제성1길 67,제주특별자치도 제주시 도두일동 1168,33.49742874,126.4798388,제주특별자치도 제주시 도두1동 1376-1,,,271,248,23,53,0,,,,,,,,7:45,20:00,,,,,,,,064-746-5678,2022-12-01
㈜자유렌터카,주사업장,제주특별자치도 제주시 오일장중길 117,제주특별자치도 제주시 도두일동 1375-2,33.50007197,126.4778773,제주특별자치도 제주시 도두1동 1177-4,,,159,156,3,25,0,,,,,,,,7:45,20:00,,,,,,,,064-742-7901,2022-12-01
㈜수렌트카,주사업장,제주특별자치도 제주시 서광로 94,제주특별자치도 제주시 오라삼동 2337-2,33.50002705,126.5065139,제주특별자치도 제주시 오라2동 204,,,125,125,0,0,0,,,,,,,,7:45,20:00,,,,,,,,064-742-7100,2022-12-01
(주)제주카카,주사업장,제주특별자치도 제주시 도령로 171-1,제주특별자치도 제주시 용담이동 1815,33.49636863,126.4929515,제주특별자치도 제주시 도련일동 919-1,,,220,215,5,13,0,,,,,,,,7:45,20:00,,,,,,,,1566-0880,2022-12-01
㈜땡큐제주렌트카,주사업장,제주특별자치도 제주시 서해안로 620-13,제주특별자치도 제주시 용담삼동 1032-3,33.51553575,126.5033993,제주특별자치도 제주시 용담3동 1010-1,,,310,297,13,9,0,,,,,,,,7:45,20:00,,,,,,,,064-746-8300,2022-12-01
㈜뉴제주콜렌트카,주사업장,제주특별자치도 제주시 서광로 110,제주특별자치도 제주시 오라삼동 2401-3,33.49975432,126.5079434,제주특별자치도 제주시 용담3동 2240,,,119,119,0,0,0,,,,,,,,7:45,20:00,,,,,,,,064-742-7100,2022-12-01
㈜제주다움렌터카,주사업장,제주특별자치도 제주시 어영길 42,제주특별자치도 제주시 용담삼동 1200-1,33.51795802,126.4973789,제주특별자치도 제주시 용담3동 1181-1,,,435,422,13,47,0,,,,,,,,7:45,20:00,,,,,,,,064-745-0404,2022-12-01
㈜로얄렌트카,주사업장,제주특별자치도 제주시 오일장중길 117,제주특별자치도 제주시 도두일동 1376-1,33.50007197,126.4778773,제주특별자치도 제주시 도두이동 1003,,,170,155,15,25,0,,,,,,,,7:45,20:00,,,,,,,,064-749-0002,2022-12-01
㈜블루렌트카,주사업장,제주특별자치도 제주시 용문로 48,제주특별자치도 제주시 용담이동 731,33.50408533,126.5013669,제주특별자치도 제주시 용담2동 1726-1,,,486,485,1,18,0,,,,,,,,7:45,20:00,,,,,,,,064-713-5600,2022-12-01
㈜로보트렌트카,주사업장,제주특별자치도 제주시 오일장중길 117,제주특별자치도 제주시 도두일동 1375-2,33.50007197,126.4778773,제주특별자치도 제주시 도두일동 1173-2,,,101,100,1,0,0,,,,,,,,7:45,20:00,,,,,,,,064-711-0428,2022-12-01
㈜베스트,주사업장,제주특별자치도 제주시 신성마을길 112,제주특별자치도 제주시 도두이동 382-1,33.5024287,126.4862385,제주특별자치도 제주시 오라2동 1521-5,,,136,131,5,13,0,,,,,,,,7:45,20:00,,,,,,,,064-711-8801,2022-12-01
㈜제주알프스렌트카,주사업장,제주특별자치도 제주시 연미3길 4,제주특별자치도 제주시 오라이동 2093-1,33.48962059,126.5066582,제주특별자치도 제주시 오라이동 2093-1,,,201,198,3,19,0,,,,,,,,7:45,20:00,,,,,,,,064-744-0899,2022-12-01
㈜제주파워렌트카,주사업장,제주특별자치도 제주시 제성1길 67,제주특별자치도 제주시 도두일동 1168,33.49742874,126.4798388,제주특별자치도 제주시 도두2동 1002-1,,,152,152,0,20,0,,,,,,,,7:45,20:00,,,,,,,,064-748-8787,2022-12-01
㈜제주공항전기차,주사업장,제주특별자치도 제주시 덕지4길 37,제주특별자치도 제주시 이호이동 1562-2,33.49330355,126.4552165,제주특별자치도 제주시 오광로 26,,,222,216,6,94,0,,,,,,,,7:45,20:00,,,,,,,,064-749-8877,2022-12-01
㈜우도전기렌트카,주사업장,제주특별자치도 제주시 우도면 우도해안길 372,제주특별자치도 제주시 우도면 연평리 2389,33.51090395,126.9436272,제주특별자치도 제주시 우도면 연평리 2389,,,100,100,0,98,0,,,,,,,,7:45,20:00,,,,,,,,064-783-3355,2022-12-01
㈜제주아이렌트카,주사업장,제주특별자치도 제주시 도령로 171-1,제주특별자치도 제주시 용담이동 1815,33.49636863,126.4929515,제주특별자치도 제주시 도령로 171-1,,,115,115,0,19,0,,,,,,,,7:45,20:00,,,,,,,,064-748-7799,2022-12-01
㈜라인렌트카,주사업장,제주특별자치도 제주시 용문로 48,제주특별자치도 제주시 용담이동 731,33.50408533,126.5013669,제주특별자치도 제주시 용문로 48,,,218,218,0,10,0,,,,,,,,7:45,20:00,,,,,,,,064-713-5600,2022-12-01
자보렌트카㈜,주사업장,제주특별자치도 제주시 선반로 93,제주특별자치도 제주시 화북일동 2155-1,33.51559197,126.5681039,제주특별자치도 제주시 선반로 93,,,105,102,3,9,0,,,,,,,,7:45,20:00,,,,,,,,064-749-5657,2022-12-01
㈜제주원렌트카,주사업장,제주특별자치도 제주시 용해로 58-7,제주특별자치도 제주시 용담이동 920-8,33.51176421,126.5024762,제주특별자치도 제주시 용담2동 920-6,,,187,182,5,10,0,,,,,,,,7:45,20:00,,,,,,,,064-746-1101,2022-12-01
㈜매일렌트카,주사업장,제주특별자치도 제주시 용해로 58-15,제주특별자치도 제주시 용담이동 917-11,33.51181759,126.5021628,제주특별자치도 제주시 용해로 58-15,,,103,95,8,3,0,,,,,,,,7:45,20:00,,,,,,,,064-744-1472,2022-12-01
㈜비비카,주사업장,제주특별자치도 제주시 도령로 171-1,제주특별자치도 제주시 용담이동 1815,33.49636863,126.4929515,제주특별자치도 제주시 도령로 171-1,,,115,111,4,20,0,,,,,,,,7:45,20:00,,,,,,,,064-747-1200,2022-12-01
㈜제주유레카,주사업장,제주특별자치도 제주시 어영길 20,제주특별자치도 제주시 용담삼동 1175-1,33.51815022,126.4954018,제주특별자치도 제주시 용담3동 1177,,,100,100,0,0,0,,,,,,,,7:45,20:00,,,,,,,,064-901-8008,2022-12-01
㈜스마일렌트카,주사업장,제주특별자치도 제주시 오일장서길 63,제주특별자치도 제주시 도두일동 2246-2,33.49713957,126.4719683,제주특별자치도 제주시 도두일동 2243-1,,,100,100,0,36,0,,,,,,,,7:45,20:00,,,,,,,,064-727-2000,2022-12-01
㈜녹원렌터카,주사업장,제주특별자치도 제주시 오일장서길 75,제주특별자치도 제주시 도두일동 2235,33.49793735,126.4712601,제주특별자치도 제주시 애월읍 유수암리 1529,,,100,98,2,5,0,,,,,,,,7:45,20:00,,,,,,,,064-747-3339,2022-12-01
㈜제주보고타렌트카,주사업장,제주특별자치도 제주시 일주서로 7861,제주특별자치도 제주시 연동 1979,33.4940905,126.4865171,제주특별자치도 제주시 도두1동 1291-1,,,100,99,1,6,0,,,,,,,,7:45,20:00,,,,,,,,064-749-8553,2022-12-01
㈜플러스제주렌트카,주사업장,제주특별자치도 제주시 제성1길 28-1,제주특별자치도 제주시 도두이동 1157-5,33.49610385,126.4830713,제주특별자치도 제주시 도두1동 1377-2,,,239,231,8,0,0,,,,,,,,7:45,20:00,,,,,,,,064-749-8080,2022-12-01
레인보우모빌리티㈜,주사업장,제주특별자치도 제주시 연삼로 145,제주특별자치도 제주시 오라삼동 2142,33.49331629,126.507731,제주특별자치도 제주시 노형동 2822,,,180,180,0,5,0,,,,,,,,7:45,20:00,,,,,,,,064-749-8853,2022-12-01
㈜디알,주사업장,제주특별자치도 제주시 어영길 20,제주특별자치도 제주시 용담삼동 1175-1,33.51815022,126.4954018,제주특별자치도 제주시 용담삼동 1175-1,,,150,136,14,0,0,,,,,,,,7:45,20:00,,,,,,,,064-712-2657,2022-12-01
㈜제주이브이전기렌트카,주사업장,제주특별자치도 제주시 공항로1길 38-1,제주특별자치도 제주시 용담이동 727-6,33.50329183,126.5004419,제주특별자치도 제주시 해안동 855-8,,,60,60,0,60,0,,,,,,,,7:45,20:00,,,,,,,,064-711-5911,2022-12-01
㈜제이공항렌트카,주사업장,제주특별자치도 제주시 덕지4길 37,제주특별자치도 제주시 이호이동 1562-2,33.49330355,126.4552165,제주특별자치도 제주시 이호이동 1058,,,70,70,0,8,0,,,,,,,,7:45,20:00,,,,,,,,064-744-2117,2022-12-01
㈜제이테크인,주사업장,제주특별자치도 제주시 다호북길 111,제주특별자치도 제주시 도두이동 414-5,33.50268813,126.4865317,제주특별자치도 제주시 이호1동 313-5,,,60,60,0,60,0,,,,,,,,7:45,20:00,,,,,,,,064-742-9400,2022-12-01
금강렌트카㈜,주사업장,제주특별자치도 제주시 연미길 53,제주특별자치도 제주시 오라이동 2826-1,33.4884685,126.5055299,제주특별자치도 제주시 용담3동 2220-1,,,169,169,0,31,0,,,,,,,,7:45,20:00,,,,,,,,064-749-2900,2022-12-01
㈜하이렌터카,주사업장,제주특별자치도 제주시 용화로 1,제주특별자치도 제주시 용담이동 883-4,33.51009507,126.5036376,제주특별자치도 제주시 한림읍 협재리 569-1,,,100,100,0,5,0,,,,,,,,7:45,20:00,,,,,,,,064-746-1101,2022-12-01
㈜국제렌트카,주사업장,제주특별자치도 제주시 오일장서길 63,제주특별자치도 제주시 도두일동 2246-2,33.49713957,126.4719683,제주특별자치도 제주시 도두일동 2246-1,,,100,100,0,25,0,,,,,,,,7:45,20:00,,,,,,,,064-727-2000,2022-12-01
㈜신동아렌트카,주사업장,제주특별자치도 제주시 억삼길 10,제주특별자치도 제주시 이호이동 170-6,33.49330171,126.467781,제주특별자치도 제주시 억삼길 10,,,105,105,0,0,0,,,,,,,,7:45,20:00,,,,,,,,064-901-1100,2022-12-01
㈜에스티홀딩스,주사업장,제주특별자치도 제주시 용문로 94,제주특별자치도 제주시 용담이동 2731-2,33.50394867,126.506435,제주특별자치도 제주시 용담2동 1554-1,,,335,335,0,0,0,,,,,,,,7:45,20:00,,,,,,,,064-723-3348,2022-12-01
㈜일출렌터카,주사업장,제주특별자치도 제주시 공항로 5,제주특별자치도 제주시 용담이동 1588-2,33.50482039,126.4967932,제주특별자치도 제주시 용담3동 965,,,100,100,0,5,0,,,,,,,,7:45,20:00,,,,,,,,064-805-8780,2022-12-01
㈜소풍렌트카,주사업장,제주특별자치도 제주시 제성1길 28-1,제주특별자치도 제주시 도두이동 1157-5,33.49610385,126.4830713,제주특별자치도 제주시 도두1동 1173-1,,,202,199,3,0,0,,,,,,,,7:45,20:00,,,,,,,,064-746-3500,2022-12-01
㈜제주동백렌트카,주사업장,제주특별자치도 제주시 오광로 24,제주특별자치도 제주시 이호이동 1563,33.493334,126.455813,제주특별자치도 제주시 고하상로 412-2,,,141,141,0,20,0,,,,,,,,7:45,20:00,,,,,,,,064-744-4800,2022-12-01
롯데렌탈㈜,영업소,제주특별자치도 제주시 용해로 92,제주특별자치도 제주시 용담이동 855,33.50895004,126.5014788,제주특별자치도 제주시 용담이동 851,,,2395,2223,172,193,0,,,,,,,,7:45,20:00,,,,,,,,064-751-8000,2022-12-01
㈜차세대,영업소,제주특별자치도 제주시 명신1길 19,제주특별자치도 제주시 용담이동 707-6,33.50003101,126.5009065,제주특별자치도 서귀포시 대정읍 상모리 419,,,135,127,8,22,0,,,,,,,,7:45,20:00,,,,,,,,064-711-9030,2022-12-01
에스케이렌터카㈜(SK),영업소,제주특별자치도 제주시 용문로 62,제주특별자치도 제주시 용담이동 737-6,33.50343756,126.5019336,제주특별자치도 제주시 용담3동 2240,,,2947,2812,135,899,0,,,,,,,,7:45,20:00,,,,,,,,064-726-6461,2022-12-01
㈜경동,영업소,제주특별자치도 제주시 신대로 45,제주특별자치도 제주시 연동 300-8,33.4932207,126.4972165,제주특별자치도 서귀포시 표선면 하천리 1174,,,100,97,3,1,0,,,,,,,,7:45,20:00,,,,,,,,064-744-7475,2022-12-01
㈜레드캡,영업소,제주특별자치도 제주시 다호길 130,제주특별자치도 제주시 용담이동 1963-4,33.50320226,126.4939939,제주특별자치도 제주시 연동 2456,,,620,597,23,101,0,,,,,,,,7:45,20:00,,,,,,,,064-803-0391,2022-12-01
㈜제주스타렌탈,영업소,제주특별자치도 제주시 용문로 20,제주특별자치도 제주시 용담이동 1524-12,33.50489244,126.4983969,제주특별자치도 제주시 용담2동 1524-12,,,100,100,0,0,0,,,,,,,,7:45,20:00,,,,,,,,064-759-3372,2022-12-01
㈜제주제일렌터카,영업소,제주특별자치도 제주시 월성로4길 78,제주특별자치도 제주시 용담이동 1730-4,33.49842798,126.4982067,제주특별자치도 제주시 애월읍 상귀리 679-1,,,170,156,14,4,0,,,,,,,,7:45,20:00,,,,,,,,064-747-5670,2022-12-01
㈜해피네트웍스,영업소,제주특별자치도 제주시 일주서로 7581,제주특별자치도 제주시 이호이동 1606,33.49576,126.456506,제주특별자치도 제주시 노형동 3744-4,,,414,398,16,0,0,,,,,,,,7:45,20:00,,,,,,,,064-711-7935,2022-12-01
퍼시픽렌트카㈜,영업소,제주특별자치도 제주시 월성로4길 74-12,제주특별자치도 제주시 용담이동 1673-1,33.49935489,126.4984473,제주특별자치도 제주시 일주서로 7822,,,393,341,52,10,0,,,,,,,,7:45,20:00,,,,,,,,064-747-1541,2022-12-01
